GameID,GameDate,TeamID,OpponentTeamID,MATCHUP,PTS,OPTS,PointsPG,OppPointsPG,PointsPGOpponent,OppPointsPGOpponent,FG_PCT,PlusMinusClutch,Age,PlayoffMins,AdjustedPTS,AdjustedOPTS,PrevPTS,PrevOPTS,PrevMargin,SeriesGP,SeriesLead,SeriesWinPercent,MissingMins
41600151,4/15/17,1610612759,1610612763,SAS vs. MEM,111,82,105.3,98.1,100.5,100,0.429,100,29.13333333,26118.57167,110.0506706,82.713511,110.0506706,82.713511,27.33715963,1,0,0,0.968826054
41600151,4/15/17,1610612763,1610612759,MEM @ SAS,82,111,100.5,100,105.3,98.1,0.421,44,27,9402.975,82.713511,110.0506706,82.713511,110.0506706,-27.33715963,1,0,0,0.829181613
41600171,4/15/17,1610612762,1610612746,UTA @ LAC,97,95,100.7,96.8,108.7,104.4,0.489,41,26.85714286,9866.133333,97.84403131,94.18751091,97.84403131,94.18751091,3.656520404,1,0,0,0.825989032
41600171,4/15/17,1610612746,1610612762,LAC vs. UTA,95,97,108.7,104.4,100.7,96.8,0.403,23,31.16666667,19430.85667,94.18751091,97.84403131,94.18751091,97.84403131,-3.656520404,1,0,0,0.808528389
41600111,4/15/17,1610612754,1610612739,IND @ CLE,108,109,105.1,105.3,110.3,107.2,0.414,-18,27.54545455,9448.808333,108.9397462,108.0677757,108.9397462,108.0677757,0.87197053,1,0,0,0.82368144
41600111,4/15/17,1610612739,1610612754,CLE vs. IND,109,108,110.3,107.2,105.1,105.3,0.453,57,31.30769231,27785.125,108.0677757,108.9397462,108.0677757,108.9397462,-0.87197053,1,0,0,0.758747317
41600121,4/15/17,1610612749,1610612761,MIL @ TOR,97,83,103.6,103.8,106.9,102.6,0.397,-49,26.30769231,6612.47,97.84403131,82.29014111,97.84403131,82.29014111,15.5538902,1,0,0,0.833430907
41600121,4/15/17,1610612761,1610612749,TOR vs. MIL,83,97,106.9,102.6,103.6,103.8,0.457,63,26.07142857,9389.176667,82.29014111,97.84403131,82.29014111,97.84403131,-15.5538902,1,0,0,0.887563616
41600141,4/16/17,1610612757,1610612744,POR @ GSW,109,121,107.9,108.5,115.9,104.3,0.43,17,24.30769231,4033.388333,109.9484476,119.9651455,109.9484476,119.9651455,-10.01669792,1,0,0,0.838575598
41600141,4/16/17,1610612744,1610612757,GSW vs. POR,121,109,115.9,104.3,107.9,108.5,0.417,31,28.78571429,21643.80833,119.9651455,109.9484476,119.9651455,109.9484476,10.01669792,1,0,0,0.945430064
41600101,4/16/17,1610612738,1610612741,BOS vs. CHI,102,106,108,105.4,102.9,102.4,0.453,78,26,5460.088333,101.1276433,106.9223435,101.1276433,106.9223435,-5.794700205,1,0,0,0.916922973
41600101,4/16/17,1610612741,1610612738,CHI @ BOS,106,102,102.9,102.4,108,105.4,0.385,44,26.2,12261.64,106.9223435,101.1276433,106.9223435,101.1276433,5.794700205,1,0,0,0.723248652
41600161,4/16/17,1610612745,1610612760,HOU vs. OKC,118,87,115.3,109.6,106.6,105.8,0.409,-30,26.92857143,9166.968333,116.990803,87.75701777,116.990803,87.75701777,29.23378525,1,0,0,0.853491574
41600161,4/16/17,1610612760,1610612745,OKC @ HOU,87,118,106.6,105.8,115.3,109.6,0.442,80,25.46153846,7183.84,87.75701777,116.990803,87.75701777,116.990803,-29.23378525,1,0,0,0.884283346
41600131,4/16/17,1610612737,1610612764,ATL @ WAS,107,114,103.2,104,109.2,107.4,0.452,42,29.23076923,10598.16167,107.9310448,113.0250131,107.9310448,113.0250131,-5.09396824,1,0,0,0.740225352
41600131,4/16/17,1610612764,1610612737,WAS vs. ATL,114,107,109.2,107.4,103.2,104,0.469,75,26.21428571,4537.051667,113.0250131,107.9310448,113.0250131,107.9310448,5.09396824,1,0,0,0.877393688
41600152,4/17/17,1610612759,1610612763,SAS vs. MEM,96,82,105.3,98.1,100.5,100,0.429,100,29.13333333,26118.57167,95.17895839,82.713511,110.0506706,82.713511,27.33715963,2,1,0.5,0.843356728
41600152,4/17/17,1610612763,1610612759,MEM @ SAS,82,96,100.5,100,105.3,98.1,0.421,44,27,9402.975,82.713511,95.17895839,82.713511,110.0506706,-12.46544738,2,-1,0,0.768823579
41600112,4/17/17,1610612754,1610612739,IND @ CLE,111,117,105.1,105.3,110.3,107.2,0.414,-18,27.54545455,9448.808333,111.9658503,115.9993555,108.9397462,108.0677757,-7.059609336,2,1,0.5,0.850524805
41600112,4/17/17,1610612739,1610612754,CLE vs. IND,117,111,110.3,107.2,105.1,105.3,0.453,57,31.30769231,27785.125,115.9993555,111.9658503,108.0677757,108.9397462,-3.898074591,2,-1,0,0.856194081
41600102,4/18/17,1610612738,1610612741,BOS vs. CHI,97,111,108,105.4,102.9,102.4,0.453,78,26,5460.088333,96.17040587,111.9658503,101.1276433,106.9223435,-10.83820697,2,-1,0,0.902420062
41600102,4/18/17,1610612741,1610612738,CHI @ BOS,111,97,102.9,102.4,108,105.4,0.385,44,26.2,12261.64,111.9658503,96.17040587,106.9223435,101.1276433,10.75193762,2,1,0.5,0.815411443
41600172,4/18/17,1610612746,1610612762,LAC vs. UTA,99,91,108.7,104.4,100.7,96.8,0.403,23,31.16666667,19430.85667,98.15330084,91.79182319,94.18751091,97.84403131,2.395687718,2,-1,0,0.808528389
41600172,4/18/17,1610612762,1610612746,UTA @ LAC,91,99,100.7,96.8,108.7,104.4,0.489,41,26.85714286,9866.133333,91.79182319,98.15330084,97.84403131,94.18751091,-0.309269529,2,1,0.5,0.687100312
41600122,4/18/17,1610612749,1610612761,MIL @ TOR,100,106,103.6,103.8,106.9,102.6,0.397,-49,26.30769231,6612.47,100.8701354,105.0934332,97.84403131,82.29014111,-7.249401911,2,1,0.5,0.763004382
41600122,4/18/17,1610612761,1610612749,TOR vs. MIL,106,100,106.9,102.6,103.6,103.8,0.457,63,26.07142857,9389.176667,105.0934332,100.8701354,82.29014111,97.84403131,-18.57999426,2,-1,0,0.748548871
41600142,4/19/17,1610612744,1610612757,GSW vs. POR,110,81,115.9,104.3,107.9,108.5,0.417,31,28.78571429,21643.80833,109.0592232,81.70480965,119.9651455,109.9484476,38.26033582,2,1,0.5,0.777077014
41600142,4/19/17,1610612757,1610612744,POR @ GSW,81,110,107.9,108.5,115.9,104.3,0.43,17,24.30769231,4033.388333,81.70480965,109.0592232,109.9484476,119.9651455,0.8892244,2,-1,0,0.85507426
41600162,4/19/17,1610612760,1610612745,OKC @ HOU,111,115,106.6,105.8,115.3,109.6,0.442,80,25.46153846,7183.84,111.9658503,114.0164606,87.75701777,116.990803,-26.2594428,2,-1,0,0.897427501
41600162,4/19/17,1610612745,1610612760,HOU vs. OKC,115,111,115.3,109.6,106.6,105.8,0.409,-30,26.92857143,9166.968333,114.0164606,111.9658503,116.990803,87.75701777,5.024952758,2,1,0.5,0.786491995
41600132,4/19/17,1610612737,1610612764,ATL @ WAS,101,109,103.2,104,109.2,107.4,0.452,42,29.23076923,10598.16167,101.8788367,108.0677757,107.9310448,113.0250131,-0.136730824,2,-1,0,0.820485161
41600132,4/19/17,1610612764,1610612737,WAS vs. ATL,109,101,109.2,107.4,103.2,104,0.469,75,26.21428571,4537.051667,108.0677757,101.8788367,113.0250131,107.9310448,11.14617636,2,1,0.5,0.841170654
41600113,4/20/17,1610612754,1610612739,IND vs. CLE,114,119,105.1,105.3,110.3,107.2,0.414,-18,27.54545455,9448.808333,113.0250131,120.0354611,111.9658503,115.9993555,-8.06961083,3,0,0.333333333,0.806640561
41600113,4/20/17,1610612739,1610612754,CLE @ IND,119,114,110.3,107.2,105.1,105.3,0.453,57,31.30769231,27785.125,120.0354611,113.0250131,115.9993555,111.9658503,2.97434245,3,0,0.333333333,0.856797703
41600123,4/20/17,1610612749,1610612761,MIL vs. TOR,104,77,103.6,103.8,106.9,102.6,0.397,-49,26.30769231,6612.47,103.1105383,77.67000424,100.8701354,105.0934332,23.20013114,3,0,0.333333333,0.77613271
41600123,4/20/17,1610612761,1610612749,TOR @ MIL,77,104,106.9,102.6,103.6,103.8,0.457,63,26.07142857,9389.176667,77.67000424,103.1105383,105.0934332,100.8701354,1.982894966,3,0,0.333333333,0.887563616
41600153,4/20/17,1610612763,1610612759,MEM vs. SAS,105,94,100.5,100,105.3,98.1,0.421,44,27,9402.975,104.1019857,94.81792725,82.713511,95.17895839,-12.10441624,3,-2,0,0.806731223
41600153,4/20/17,1610612759,1610612763,SAS @ MEM,94,105,105.3,98.1,100.5,100,0.429,100,29.13333333,26118.57167,94.81792725,104.1019857,95.17895839,82.713511,-8.923027349,3,2,0.666666667,0.970673399
41600103,4/21/17,1610612741,1610612738,CHI vs. BOS,87,104,102.9,102.4,108,105.4,0.385,44,26.2,12261.64,86.25593104,104.9049408,111.9658503,96.17040587,7.060909476,3,2,0.666666667,0.746031008
41600103,4/21/17,1610612738,1610612741,BOS @ CHI,104,87,108,105.4,102.9,102.4,0.453,78,26,5460.088333,104.9049408,86.25593104,96.17040587,111.9658503,9.914474832,3,-2,0,0.96544166
41600173,4/21/17,1610612762,1610612746,UTA vs. LAC,106,111,100.7,96.8,108.7,104.4,0.489,41,26.85714286,9866.133333,105.0934332,111.9658503,91.79182319,98.15330084,-20.17402707,3,0,0.333333333,0.682724374
41600173,4/21/17,1610612746,1610612762,LAC @ UTA,111,106,108.7,104.4,100.7,96.8,0.403,23,31.16666667,19430.85667,111.9658503,105.0934332,98.15330084,91.79182319,-6.940132383,3,0,0.333333333,0.849536657
41600163,4/21/17,1610612760,1610612745,OKC vs. HOU,115,113,106.6,105.8,115.3,109.6,0.442,80,25.46153846,7183.84,114.0164606,113.983253,111.9658503,114.0164606,-2.017402707,3,-2,0,0.752794833
41600163,4/21/17,1610612745,1610612760,HOU @ OKC,113,115,115.3,109.6,106.6,105.8,0.409,-30,26.92857143,9166.968333,113.983253,114.0164606,114.0164606,111.9658503,0,3,2,0.666666667,0.786491995
41600143,4/22/17,1610612744,1610612757,GSW @ POR,119,113,115.9,104.3,107.9,108.5,0.417,31,28.78571429,21643.80833,120.0354611,112.0335656,109.0592232,81.70480965,-2.97434245,3,2,0.666666667,0.749648888
41600143,4/22/17,1610612757,1610612744,POR vs. GSW,113,119,107.9,108.5,115.9,104.3,0.43,17,24.30769231,4033.388333,112.0335656,120.0354611,81.70480965,109.0592232,-38.33065144,3,-2,0,0.790698445
41600133,4/22/17,1610612764,1610612737,WAS @ ATL,98,116,109.2,107.4,103.2,104,0.469,75,26.21428571,4537.051667,98.85273266,115.0079081,108.0677757,101.8788367,-6.940132383,3,2,0.666666667,0.895609083
41600133,4/22/17,1610612737,1610612764,ATL vs. WAS,116,98,103.2,104,109.2,107.4,0.452,42,29.23076923,10598.16167,115.0079081,98.85273266,101.8788367,108.0677757,3.026104061,3,-2,0,0.917879443
41600124,4/22/17,1610612749,1610612761,MIL vs. TOR,76,87,103.6,103.8,106.9,102.6,0.397,-49,26.30769231,6612.47,75.35000873,87.75701777,103.1105383,77.67000424,15.35352048,4,1,0.5,0.74431724
41600124,4/22/17,1610612761,1610612749,TOR @ MIL,87,76,106.9,102.6,103.6,103.8,0.457,63,26.07142857,9389.176667,87.75701777,75.35000873,77.67000424,103.1105383,2.319995511,4,-1,0.25,0.78602216
41600154,4/22/17,1610612763,1610612759,MEM vs. SAS,110,108,100.5,100,105.3,98.1,0.421,44,27,9402.975,109.0592232,108.9397462,104.1019857,94.81792725,-4.837760463,4,-1,0.25,0.746373189
41600154,4/22/17,1610612759,1610612763,SAS @ MEM,108,110,105.3,98.1,100.5,100,0.429,100,29.13333333,26118.57167,108.9397462,109.0592232,94.81792725,104.1019857,-14.24129591,4,1,0.5,0.887302028
41600104,4/23/17,1610612741,1610612738,CHI vs. BOS,95,104,102.9,102.4,108,105.4,0.385,44,26.2,12261.64,94.18751091,104.9049408,86.25593104,104.9049408,-18.64900975,4,1,0.5,0.715020981
41600104,4/23/17,1610612738,1610612741,BOS @ CHI,104,95,108,105.4,102.9,102.4,0.453,78,26,5460.088333,104.9049408,94.18751091,104.9049408,86.25593104,10.71742988,4,-1,0.25,0.872903653
41600114,4/23/17,1610612739,1610612754,CLE @ IND,106,102,110.3,107.2,105.1,105.3,0.453,57,31.30769231,27785.125,106.9223435,101.1276433,120.0354611,113.0250131,18.9078178,4,1,0.5,0.775026576
41600114,4/23/17,1610612754,1610612739,IND vs. CLE,102,106,105.1,105.3,110.3,107.2,0.414,-18,27.54545455,9448.808333,101.1276433,106.9223435,113.0250131,120.0354611,6.102669594,4,-1,0.25,0.850524805
41600174,4/23/17,1610612746,1610612762,LAC @ UTA,98,105,108.7,104.4,100.7,96.8,0.403,23,31.16666667,19430.85667,98.85273266,104.1019857,111.9658503,105.0934332,7.863864524,4,1,0.5,0.744440395
41600174,4/23/17,1610612762,1610612746,UTA vs. LAC,105,98,100.7,96.8,108.7,104.4,0.489,41,26.85714286,9866.133333,104.1019857,98.85273266,105.0934332,111.9658503,6.240700558,4,-1,0.25,0.883762507
41600164,4/23/17,1610612745,1610612760,HOU @ OKC,113,109,115.3,109.6,106.6,105.8,0.409,-30,26.92857143,9166.968333,113.983253,108.0677757,113.983253,114.0164606,5.915477298,4,1,0.5,0.786491995
41600164,4/23/17,1610612760,1610612745,OKC vs. HOU,109,113,106.6,105.8,115.3,109.6,0.442,80,25.46153846,7183.84,108.0677757,113.983253,114.0164606,113.983253,0.033207601,4,-1,0.25,0.752794833
41600144,4/24/17,1610612744,1610612757,GSW @ POR,128,103,115.9,104.3,107.9,108.5,0.417,31,28.78571429,21643.80833,129.1137733,102.1190908,120.0354611,112.0335656,17.91637032,4,3,0.75,0.881746377
41600144,4/24/17,1610612757,1610612744,POR vs. GSW,103,128,107.9,108.5,115.9,104.3,0.43,17,24.30769231,4033.388333,102.1190908,129.1137733,112.0335656,120.0354611,-17.08020767,4,-3,0,0.85507426
41600134,4/24/17,1610612764,1610612737,WAS @ ATL,101,111,109.2,107.4,103.2,104,0.469,75,26.21428571,4537.051667,101.8788367,110.0506706,98.85273266,115.0079081,-11.19793797,4,1,0.5,0.895609083
41600134,4/24/17,1610612737,1610612764,ATL vs. WAS,111,101,103.2,104,109.2,107.4,0.452,42,29.23076923,10598.16167,110.0506706,101.8788367,115.0079081,98.85273266,13.12907133,4,-1,0.25,0.820485161
41600125,4/24/17,1610612761,1610612749,TOR vs. MIL,118,93,106.9,102.6,103.6,103.8,0.457,63,26.07142857,9389.176667,116.990803,93.8092259,87.75701777,75.35000873,-6.052208122,5,0,0.4,0.887563616
41600125,4/24/17,1610612749,1610612761,MIL @ TOR,93,118,103.6,103.8,106.9,102.6,0.397,-49,26.30769231,6612.47,93.8092259,116.990803,75.35000873,87.75701777,-41.6407943,5,0,0.4,0.88154786
41600155,4/25/17,1610612759,1610612763,SAS vs. MEM,116,103,105.3,98.1,100.5,100,0.429,100,29.13333333,26118.57167,115.0079081,103.8962394,108.9397462,109.0592232,5.043506769,5,0,0.4,0.970673399
41600155,4/25/17,1610612763,1610612759,MEM @ SAS,103,116,100.5,100,105.3,98.1,0.421,44,27,9402.975,103.8962394,115.0079081,109.0592232,108.9397462,-5.948684899,5,0,0.4,0.806731223
41600175,4/25/17,1610612762,1610612746,UTA @ LAC,96,92,100.7,96.8,108.7,104.4,0.489,41,26.85714286,9866.133333,96.83532996,91.21316846,104.1019857,98.85273266,12.88881728,5,0,0.4,0.82275888
41600175,4/25/17,1610612746,1610612762,LAC vs. UTA,92,96,108.7,104.4,100.7,96.8,0.403,23,31.16666667,19430.85667,91.21316846,96.83532996,98.85273266,104.1019857,2.017402707,5,0,0.4,0.877599764
41600165,4/25/17,1610612760,1610612745,OKC @ HOU,99,105,106.6,105.8,115.3,109.6,0.442,80,25.46153846,7183.84,99.86143402,104.1019857,108.0677757,113.983253,3.965789933,5,-2,0.2,0.752794833
41600165,4/25/17,1610612745,1610612760,HOU vs. OKC,105,99,115.3,109.6,106.6,105.8,0.409,-30,26.92857143,9166.968333,104.1019857,99.86143402,113.983253,108.0677757,14.12181895,5,2,0.6,0.786491995
41600105,4/26/17,1610612741,1610612738,CHI @ BOS,97,108,102.9,102.4,108,105.4,0.385,44,26.2,12261.64,97.84403131,107.0763282,94.18751091,104.9049408,-12.88881728,5,0,0.4,0.70460701
41600105,4/26/17,1610612738,1610612741,BOS vs. CHI,108,97,108,105.4,102.9,102.4,0.453,78,26,5460.088333,107.0763282,97.84403131,104.9049408,94.18751091,7.060909476,5,0,0.4,0.805005568
41600135,4/26/17,1610612764,1610612737,WAS vs. ATL,103,99,109.2,107.4,103.2,104,0.469,75,26.21428571,4537.051667,102.1190908,99.86143402,101.8788367,110.0506706,2.017402707,5,0,0.4,0.877393688
41600135,4/26/17,1610612737,1610612764,ATL @ WAS,99,103,103.2,104,109.2,107.4,0.452,42,29.23076923,10598.16167,99.86143402,102.1190908,110.0506706,101.8788367,7.931579866,5,0,0.4,0.820485161
41600126,4/27/17,1610612749,1610612761,MIL vs. TOR,89,92,103.6,103.8,106.9,102.6,0.397,-49,26.30769231,6612.47,88.23882601,92.80052454,93.8092259,116.990803,1.008701354,6,-1,0.333333333,0.753823138
41600126,4/27/17,1610612761,1610612749,TOR @ MIL,92,89,106.9,102.6,103.6,103.8,0.457,63,26.07142857,9389.176667,92.80052454,88.23882601,116.990803,93.8092259,28.75197701,6,1,0.5,0.78602216
41600156,4/27/17,1610612759,1610612763,SAS @ MEM,103,96,105.3,98.1,100.5,100,0.429,100,29.13333333,26118.57167,103.8962394,95.17895839,115.0079081,103.8962394,19.82894966,6,1,0.5,0.902934276
41600156,4/27/17,1610612763,1610612759,MEM vs. SAS,96,103,100.5,100,105.3,98.1,0.421,44,27,9402.975,95.17895839,103.8962394,103.8962394,115.0079081,0,6,-1,0.333333333,0.746373189
41600106,4/28/17,1610612741,1610612738,CHI vs. BOS,83,105,102.9,102.4,108,105.4,0.385,44,26.2,12261.64,82.29014111,105.9136421,97.84403131,107.0763282,-8.06961083,6,-1,0.333333333,0.768804685
41600106,4/28/17,1610612738,1610612741,BOS @ CHI,105,83,108,105.4,102.9,102.4,0.453,78,26,5460.088333,105.9136421,82.29014111,107.0763282,97.84403131,24.78618708,6,1,0.5,0.910603392
41600176,4/28/17,1610612762,1610612746,UTA vs. LAC,93,98,100.7,96.8,108.7,104.4,0.489,41,26.85714286,9866.133333,92.20461594,98.85273266,96.83532996,91.21316846,-2.017402707,6,1,0.5,0.760609466
41600176,4/28/17,1610612746,1610612762,LAC @ UTA,98,93,108.7,104.4,100.7,96.8,0.403,23,31.16666667,19430.85667,98.85273266,92.20461594,91.21316846,96.83532996,-0.991447483,6,-1,0.333333333,0.807390534
41600136,4/28/17,1610612737,1610612764,ATL vs. WAS,99,115,103.2,104,109.2,107.4,0.452,42,29.23076923,10598.16167,98.15330084,116.0006557,99.86143402,102.1190908,-16.13922166,6,-1,0.333333333,0.740225352
41600136,4/28/17,1610612764,1610612737,WAS @ ATL,115,99,109.2,107.4,103.2,104,0.469,75,26.21428571,4537.051667,116.0006557,98.15330084,102.1190908,99.86143402,3.965789933,6,1,0.5,0.895609083
41600177,4/30/17,1610612746,1610612762,LAC vs. UTA,91,104,108.7,104.4,100.7,96.8,0.403,23,31.16666667,19430.85667,90.22172097,104.9049408,98.85273266,92.20461594,-6.052208122,7,0,0.428571429,0.807390534
41600177,4/30/17,1610612762,1610612746,UTA @ LAC,104,91,100.7,96.8,108.7,104.4,0.489,41,26.85714286,9866.133333,104.9049408,90.22172097,92.20461594,98.85273266,1.982894966,7,0,0.428571429,0.905648022
41700121,4/14/18,1610612755,1610612748,PHI vs. MIA,130,103,109.8,105.3,103.4,102.9,0.493,55,26.21428571,5015.24,126.3373375,106.0752414,126.3373375,106.0752414,20.26209606,1,0,0,0.781350691
41700121,4/14/18,1610612748,1610612755,MIA @ PHI,103,130,103.4,102.9,109.8,105.3,0.478,40,27.66666667,8954.698333,106.0752414,126.3373375,106.0752414,126.3373375,-20.26209606,1,0,0,0.913515638
41700151,4/14/18,1610612759,1610612744,SAS @ GSW,92,113,102.7,99.8,113.5,107.5,0.421,19,29,25153.34833,94.74681757,109.816301,94.74681757,109.816301,-15.06948346,1,0,0,0.953720392
41700151,4/14/18,1610612744,1610612759,GSW vs. SAS,113,92,113.5,107.5,102.7,99.8,0.483,31,28.66666667,23318.73667,109.816301,94.74681757,109.816301,94.74681757,15.06948346,1,0,0,0.78172394
41700161,4/14/18,1610612740,1610612757,NOP @ POR,97,95,111.7,110.4,105.6,103,0.483,58,28.16666667,5848.538333,99.89610113,92.32343892,99.89610113,92.32343892,7.572662211,1,0,0,0.750891422
41700161,4/14/18,1610612757,1610612740,POR vs. NOP,95,97,105.6,103,111.7,110.4,0.419,11,25,4731.801667,92.32343892,99.89610113,92.32343892,99.89610113,-7.572662211,1,0,0,0.894023876
41700101,4/14/18,1610612764,1610612761,WAS @ TOR,106,114,106.6,106,111.7,103.9,0.376,-19,28,7948.211667,109.1648115,110.7881267,109.1648115,110.7881267,-1.623315159,1,0,0,0.912776463
41700101,4/14/18,1610612761,1610612764,TOR vs. WAS,114,106,111.7,103.9,106.6,106,0.426,20,26,8470.206667,110.7881267,109.1648115,110.7881267,109.1648115,1.623315159,1,0,0,0.906434779
41700111,4/15/18,1610612749,1610612738,MIL @ BOS,107,113,106.5,106.8,104,100.4,0.458,18,26.42857143,7667.41,110.1946683,109.816301,110.1946683,109.816301,0.378367227,1,0,0,0.815650361
41700111,4/15/18,1610612738,1610612749,BOS vs. MIL,113,107,104,100.4,106.5,106.8,0.482,4,25.16666667,5083.518333,109.816301,110.1946683,109.816301,110.1946683,-0.378367227,1,0,0,0.721420769
41700131,4/15/18,1610612754,1610612739,IND @ CLE,98,80,105.6,104.2,110.9,109.9,0.423,64,26.08333333,5464.78,100.9259578,77.74605383,100.9259578,77.74605383,23.17990402,1,0,0,0.89178942
41700131,4/15/18,1610612739,1610612754,CLE vs. IND,80,98,110.9,109.9,105.6,104.2,0.453,78,29,22942.04,77.74605383,100.9259578,77.74605383,100.9259578,-23.17990402,1,0,0,0.77611801
41700141,4/15/18,1610612745,1610612750,HOU vs. MIN,104,101,112.4,103.9,109.5,107.3,0.453,69,29.73333333,17976.10167,101.06987,104.015528,101.06987,104.015528,-2.945658006,1,0,0,0.775902556
41700141,4/15/18,1610612750,1610612745,MIN @ HOU,101,104,109.5,107.3,112.4,103.9,0.428,-4,28.33333333,9025.015,104.015528,101.06987,104.015528,101.06987,2.945658006,1,0,0,0.961059833
41700171,4/15/18,1610612762,1610612760,UTA @ OKC,108,116,104.1,99.8,107.9,104.4,0.435,28,26.07142857,2527.585,111.224525,112.7317781,111.224525,112.7317781,-1.507253079,1,0,0,0.864013414
41700171,4/15/18,1610612760,1610612762,OKC vs. UTA,116,108,107.9,104.4,104.1,99.8,0.407,-12,27.16666667,12557.425,112.7317781,111.224525,112.7317781,111.224525,1.507253079,1,0,0,0.881786939
41700122,4/16/18,1610612748,1610612755,MIA @ PHI,113,103,103.4,102.9,109.8,105.3,0.478,40,27.66666667,8954.698333,116.3738085,100.0980443,106.0752414,126.3373375,5.977197105,2,-1,0,0.906260244
41700122,4/16/18,1610612755,1610612748,PHI vs. MIA,103,113,109.8,105.3,103.4,102.9,0.493,55,26.21428571,5015.24,100.0980443,116.3738085,126.3373375,106.0752414,9.963528936,2,1,0.5,0.751073475
41700152,4/16/18,1610612759,1610612744,SAS @ GSW,101,116,102.7,99.8,113.5,107.5,0.421,19,29,25153.34833,104.015528,112.7317781,94.74681757,109.816301,-17.98496048,2,-1,0,0.926659655
41700152,4/16/18,1610612744,1610612759,GSW vs. SAS,116,101,113.5,107.5,102.7,99.8,0.483,31,28.66666667,23318.73667,112.7317781,104.015528,109.816301,94.74681757,5.800773049,2,1,0.5,0.78172394
41700112,4/17/18,1610612738,1610612749,BOS vs. MIL,120,106,104,100.4,106.5,106.8,0.482,4,25.16666667,5083.518333,116.6190807,109.1648115,109.816301,110.1946683,0.651489486,2,-1,0,0.759622402
41700112,4/17/18,1610612749,1610612738,MIL @ BOS,106,120,106.5,106.8,104,100.4,0.458,18,26.42857143,7667.41,109.1648115,116.6190807,110.1946683,109.816301,-6.424412483,2,1,0.5,0.919890234
41700162,4/17/18,1610612740,1610612757,NOP @ POR,111,102,111.7,110.4,105.6,103,0.483,58,28.16666667,5848.538333,114.3140951,99.12621863,99.89610113,92.32343892,0.769882501,2,1,0.5,0.750891422
41700162,4/17/18,1610612757,1610612740,POR vs. NOP,102,111,105.6,103,111.7,110.4,0.419,11,25,4731.801667,99.12621863,114.3140951,92.32343892,99.89610113,-21.99065619,2,-1,0,0.867431536
41700102,4/17/18,1610612761,1610612764,TOR vs. WAS,130,119,111.7,103.9,106.6,106,0.426,20,26,8470.206667,126.3373375,122.5529488,110.7881267,109.1648115,-11.76482211,2,1,0.5,0.99007766
41700102,4/17/18,1610612764,1610612761,WAS @ TOR,119,130,106.6,106,111.7,103.9,0.376,-19,28,7948.211667,122.5529488,126.3373375,109.1648115,110.7881267,-17.17252592,2,-1,0,0.870575086
41700132,4/18/18,1610612754,1610612739,IND @ CLE,97,100,105.6,104.2,110.9,109.9,0.423,64,26.08333333,5464.78,99.89610113,97.18256729,100.9259578,77.74605383,3.74339056,2,1,0.5,0.908887708
41700132,4/18/18,1610612739,1610612754,CLE vs. IND,100,97,110.9,109.9,105.6,104.2,0.453,78,29,22942.04,97.18256729,99.89610113,77.74605383,100.9259578,-22.1500473,2,-1,0,0.687687278
41700142,4/18/18,1610612745,1610612750,HOU vs. MIN,102,82,112.4,103.9,109.5,107.3,0.453,69,29.73333333,17976.10167,99.12621863,84.44825044,101.06987,104.015528,16.62161954,2,-1,0,0.785015861
41700142,4/18/18,1610612750,1610612745,MIN @ HOU,82,102,109.5,107.3,112.4,103.9,0.428,-4,28.33333333,9025.015,84.44825044,99.12621863,104.015528,101.06987,4.889309352,2,1,0.5,0.961059833
41700172,4/18/18,1610612762,1610612760,UTA @ OKC,102,95,104.1,99.8,107.9,104.4,0.435,28,26.07142857,2527.585,105.0453847,92.32343892,111.224525,112.7317781,18.90108605,2,-1,0,0.744221547
41700172,4/18/18,1610612760,1610612762,OKC vs. UTA,95,102,107.9,104.4,104.1,99.8,0.407,-12,27.16666667,12557.425,92.32343892,105.0453847,112.7317781,111.224525,7.686393355,2,1,0.5,0.843305009
41700153,4/19/18,1610612759,1610612744,SAS vs. GSW,97,110,102.7,99.8,113.5,107.5,0.421,19,29,25153.34833,94.26709027,113.2842384,104.015528,112.7317781,-9.268710414,3,-2,0,0.955845666
41700153,4/19/18,1610612744,1610612759,GSW @ SAS,110,97,113.5,107.5,102.7,99.8,0.483,31,28.66666667,23318.73667,113.2842384,94.26709027,112.7317781,104.015528,18.46468778,3,2,0.666666667,0.78172394
41700123,4/19/18,1610612748,1610612755,MIA vs. PHI,108,128,103.4,102.9,109.8,105.3,0.478,40,27.66666667,8954.698333,104.9571727,131.8216592,116.3738085,100.0980443,-15.44785069,3,0,0.333333333,0.913515638
41700123,4/19/18,1610612755,1610612748,PHI @ MIA,128,108,109.8,105.3,103.4,102.9,0.493,55,26.21428571,5015.24,131.8216592,104.9571727,100.0980443,116.3738085,-4.859128364,3,0,0.333333333,0.836278901
41700163,4/19/18,1610612740,1610612757,NOP vs. POR,119,102,111.7,110.4,105.6,103,0.483,58,28.16666667,5848.538333,115.6472551,105.0453847,114.3140951,99.12621863,9.268710414,3,2,0.666666667,0.783475152
41700163,4/19/18,1610612757,1610612740,POR @ NOP,102,119,105.6,103,111.7,110.4,0.419,11,25,4731.801667,105.0453847,115.6472551,99.12621863,114.3140951,-16.52103644,3,-2,0,0.872743947
41700133,4/20/18,1610612754,1610612739,IND vs. CLE,92,90,105.6,104.2,110.9,109.9,0.423,64,26.08333333,5464.78,89.4079619,92.68710414,99.89610113,97.18256729,7.208996989,3,2,0.666666667,0.89178942
41700133,4/20/18,1610612739,1610612754,CLE @ IND,90,92,110.9,109.9,105.6,104.2,0.453,78,29,22942.04,92.68710414,89.4079619,97.18256729,99.89610113,7.774605383,3,-2,0,0.675430225
41700113,4/20/18,1610612738,1610612749,BOS @ MIL,92,116,104,100.4,106.5,106.8,0.482,4,25.16666667,5083.518333,94.74681757,112.7317781,116.6190807,109.1648115,3.887302691,3,0,0.333333333,0.759622402
41700113,4/20/18,1610612749,1610612738,MIL vs. BOS,116,92,106.5,106.8,104,100.4,0.458,18,26.42857143,7667.41,112.7317781,94.74681757,109.1648115,116.6190807,14.41799398,3,0,0.333333333,0.789884771
41700103,4/20/18,1610612764,1610612761,WAS vs. TOR,122,103,106.6,106,111.7,103.9,0.376,-19,28,7948.211667,118.5627321,106.0752414,122.5529488,126.3373375,16.4777074,3,-2,0,0.927117771
41700103,4/20/18,1610612761,1610612764,TOR @ WAS,103,122,111.7,103.9,106.6,106,0.426,20,26,8470.206667,106.0752414,118.5627321,126.3373375,122.5529488,7.774605383,3,2,0.666666667,0.913421668
41700124,4/21/18,1610612755,1610612748,PHI @ MIA,106,102,109.8,105.3,103.4,102.9,0.493,55,26.21428571,5015.24,109.1648115,99.12621863,131.8216592,104.9571727,32.6954406,4,1,0.5,0.82348913
41700124,4/21/18,1610612748,1610612755,MIA vs. PHI,102,106,103.4,102.9,109.8,105.3,0.478,40,27.66666667,8954.698333,99.12621863,109.1648115,104.9571727,131.8216592,-4.207638879,4,-1,0.25,0.891245693
41700173,4/21/18,1610612762,1610612760,UTA vs. OKC,115,102,104.1,99.8,107.9,104.4,0.435,28,26.07142857,2527.585,111.7599524,105.0453847,105.0453847,92.32343892,0,3,0,0.333333333,0.864485869
41700173,4/21/18,1610612760,1610612762,OKC @ UTA,102,115,107.9,104.4,104.1,99.8,0.407,-12,27.16666667,12557.425,105.0453847,111.7599524,92.32343892,105.0453847,-19.43651346,3,0,0.333333333,0.93942276
41700143,4/21/18,1610612745,1610612750,HOU @ MIN,105,121,112.4,103.9,109.5,107.3,0.453,69,29.73333333,17976.10167,108.1349548,117.5909064,99.12621863,84.44825044,-18.46468778,3,0,0.333333333,0.872878596
41700143,4/21/18,1610612750,1610612745,MIN vs. HOU,121,105,109.5,107.3,112.4,103.9,0.428,-4,28.33333333,9025.015,117.5909064,108.1349548,84.44825044,99.12621863,-23.68670439,3,0,0.333333333,0.970623748
41700164,4/21/18,1610612757,1610612740,POR @ NOP,123,131,105.6,103,111.7,110.4,0.419,11,25,4731.801667,126.6723757,127.3091631,105.0453847,115.6472551,-22.26377845,4,-3,0,0.803459377
41700164,4/21/18,1610612740,1610612757,NOP vs. POR,131,123,111.7,110.4,105.6,103,0.483,58,28.16666667,5848.538333,127.3091631,126.6723757,115.6472551,105.0453847,-11.02512059,4,3,0.75,0.721778418
41700154,4/22/18,1610612759,1610612744,SAS vs. GSW,103,90,102.7,99.8,113.5,107.5,0.421,19,29,25153.34833,100.0980443,92.68710414,94.26709027,113.2842384,1.579986123,4,-3,0,0.842745819
41700154,4/22/18,1610612744,1610612759,GSW @ SAS,90,103,113.5,107.5,102.7,99.8,0.483,31,28.66666667,23318.73667,92.68710414,100.0980443,113.2842384,94.26709027,13.18619409,4,3,0.75,0.736228501
41700134,4/22/18,1610612739,1610612754,CLE @ IND,104,100,110.9,109.9,105.6,104.2,0.453,78,29,22942.04,107.1050981,97.18256729,92.68710414,89.4079619,-4.495463142,4,-1,0.25,0.708125443
41700134,4/22/18,1610612754,1610612739,IND vs. CLE,100,104,105.6,104.2,110.9,109.9,0.423,64,26.08333333,5464.78,97.18256729,107.1050981,89.4079619,92.68710414,-17.69713622,4,1,0.5,0.89178942
41700114,4/22/18,1610612749,1610612738,MIL vs. BOS,104,102,106.5,106.8,104,100.4,0.458,18,26.42857143,7667.41,101.06987,105.0453847,112.7317781,94.74681757,7.686393355,4,1,0.5,0.734499664
41700114,4/22/18,1610612738,1610612749,BOS @ MIL,102,104,104,100.4,106.5,106.8,0.482,4,25.16666667,5083.518333,105.0453847,101.06987,94.74681757,112.7317781,-6.323052408,4,-1,0.25,0.733289321
41700104,4/22/18,1610612761,1610612764,TOR @ WAS,98,106,111.7,103.9,106.6,106,0.426,20,26,8470.206667,100.9259578,103.0135213,106.0752414,118.5627321,3.061720086,4,1,0.5,0.83183182
41700104,4/22/18,1610612764,1610612761,WAS vs. TOR,106,98,106.6,106,111.7,103.9,0.376,-19,28,7948.211667,103.0135213,100.9259578,118.5627321,106.0752414,17.63677424,4,-1,0.25,0.870575086
41700174,4/23/18,1610612762,1610612760,UTA vs. OKC,113,96,104.1,99.8,107.9,104.4,0.435,28,26.07142857,2527.585,109.816301,98.86624442,111.7599524,105.0453847,12.89370796,4,1,0.5,0.864013414
41700174,4/23/18,1610612760,1610612762,OKC @ UTA,96,113,107.9,104.4,104.1,99.8,0.407,-12,27.16666667,12557.425,98.86624442,109.816301,105.0453847,111.7599524,-4.770916337,4,-1,0.25,0.93942276
41700144,4/23/18,1610612745,1610612750,HOU @ MIN,119,100,112.4,103.9,109.5,107.3,0.453,69,29.73333333,17976.10167,122.5529488,97.18256729,108.1349548,117.5909064,10.95238755,4,-1,0.25,0.892144858
41700144,4/23/18,1610612750,1610612745,MIN vs. HOU,100,119,109.5,107.3,112.4,103.9,0.428,-4,28.33333333,9025.015,97.18256729,122.5529488,117.5909064,108.1349548,-4.962042397,4,1,0.5,0.907889674
41700125,4/24/18,1610612755,1610612748,PHI vs. MIA,104,91,109.8,105.3,103.4,102.9,0.493,55,26.21428571,5015.24,101.06987,93.71696086,109.1648115,99.12621863,15.44785069,5,2,0.6,0.82348913
41700125,4/24/18,1610612748,1610612755,MIA @ PHI,91,104,103.4,102.9,109.8,105.3,0.478,40,27.66666667,8954.698333,93.71696086,101.06987,99.12621863,109.1648115,-1.943651346,5,-2,0.2,0.906260244
41700155,4/24/18,1610612744,1610612759,GSW vs. SAS,99,91,113.5,107.5,102.7,99.8,0.483,31,28.66666667,23318.73667,96.21074161,93.71696086,92.68710414,100.0980443,-1.029856713,5,2,0.6,0.736228501
41700155,4/24/18,1610612759,1610612744,SAS @ GSW,91,99,102.7,99.8,113.5,107.5,0.421,19,29,25153.34833,93.71696086,96.21074161,100.0980443,92.68710414,3.887302691,5,-2,0.2,0.919628316
41700115,4/24/18,1610612749,1610612738,MIL @ BOS,87,92,106.5,106.8,104,100.4,0.458,18,26.42857143,7667.41,89.59753401,89.4079619,101.06987,105.0453847,11.66190807,5,0,0.4,0.740384518
41700115,4/24/18,1610612738,1610612749,BOS vs. MIL,92,87,104,100.4,106.5,106.8,0.482,4,25.16666667,5083.518333,89.4079619,89.59753401,105.0453847,101.06987,15.44785069,5,0,0.4,0.777827821
41700135,4/25/18,1610612739,1610612754,CLE vs. IND,98,95,110.9,109.9,105.6,104.2,0.453,78,29,22942.04,95.23891594,97.83638771,107.1050981,97.18256729,9.268710414,5,0,0.4,0.653779524
41700135,4/25/18,1610612754,1610612739,IND @ CLE,95,98,105.6,104.2,110.9,109.9,0.423,64,26.08333333,5464.78,97.83638771,95.23891594,97.18256729,107.1050981,1.943651346,5,0,0.4,0.89178942
41700145,4/25/18,1610612750,1610612745,MIN @ HOU,104,122,109.5,107.3,112.4,103.9,0.428,-4,28.33333333,9025.015,107.1050981,118.5627321,97.18256729,122.5529488,-21.3801648,5,0,0.4,0.97238837
41700145,4/25/18,1610612745,1610612750,HOU vs. MIN,122,104,112.4,103.9,109.5,107.3,0.453,69,29.73333333,17976.10167,118.5627321,107.1050981,122.5529488,97.18256729,15.44785069,5,0,0.4,0.872878596
41700105,4/25/18,1610612761,1610612764,TOR vs. WAS,108,98,111.7,103.9,106.6,106,0.426,20,26,8470.206667,104.9571727,100.9259578,100.9259578,103.0135213,0,5,0,0.4,0.885363675
41700105,4/25/18,1610612764,1610612761,WAS @ TOR,98,108,106.6,106,111.7,103.9,0.376,-19,28,7948.211667,100.9259578,104.9571727,103.0135213,100.9259578,-1.943651346,5,0,0.4,0.870575086
41700175,4/25/18,1610612760,1610612762,OKC vs. UTA,107,99,107.9,104.4,104.1,99.8,0.407,-12,27.16666667,12557.425,103.985347,101.9558146,98.86624442,109.816301,-3.089570138,5,-2,0.2,0.89280316
41700175,4/25/18,1610612762,1610612760,UTA @ OKC,99,107,104.1,99.8,107.9,104.4,0.435,28,26.07142857,2527.585,101.9558146,103.985347,109.816301,98.86624442,5.830954037,5,2,0.6,0.785207205
41700116,4/26/18,1610612749,1610612738,MIL vs. BOS,97,86,106.5,106.8,104,100.4,0.458,18,26.42857143,7667.41,94.26709027,88.56767729,89.59753401,89.4079619,1.029856713,6,1,0.5,0.734499664
41700116,4/26/18,1610612738,1610612749,BOS @ MIL,86,97,104,100.4,106.5,106.8,0.482,4,25.16666667,5083.518333,88.56767729,94.26709027,89.4079619,89.59753401,-4.859128364,6,-1,0.333333333,0.841096188
41700176,4/27/18,1610612762,1610612760,UTA vs. OKC,96,91,104.1,99.8,107.9,104.4,0.435,28,26.07142857,2527.585,93.2952646,93.71696086,101.9558146,103.985347,8.238853702,6,1,0.5,0.797811018
41700176,4/27/18,1610612760,1610612762,OKC @ UTA,91,96,107.9,104.4,104.1,99.8,0.407,-12,27.16666667,12557.425,93.71696086,93.2952646,103.985347,101.9558146,10.6900824,6,-1,0.333333333,0.89280316
41700136,4/27/18,1610612739,1610612754,CLE @ IND,87,121,110.9,109.9,105.6,104.2,0.453,78,29,22942.04,89.59753401,117.5909064,95.23891594,97.83638771,-22.35199048,6,-1,0.333333333,0.753068846
41700136,4/27/18,1610612754,1610612739,IND vs. CLE,121,87,105.6,104.2,110.9,109.9,0.423,64,26.08333333,5464.78,117.5909064,89.59753401,97.83638771,95.23891594,8.238853702,6,1,0.5,0.960386569
41700106,4/27/18,1610612761,1610612764,TOR @ WAS,102,92,111.7,103.9,106.6,106,0.426,20,26,8470.206667,105.0453847,89.4079619,104.9571727,100.9259578,15.54921077,6,1,0.5,0.908487813
41700106,4/27/18,1610612764,1610612761,WAS vs. TOR,92,102,106.6,106,111.7,103.9,0.376,-19,28,7948.211667,89.4079619,105.0453847,100.9259578,104.9571727,-4.119426851,6,-1,0.333333333,0.748110384
41700117,4/28/18,1610612749,1610612738,MIL @ BOS,96,112,106.5,106.8,104,100.4,0.458,18,26.42857143,7667.41,98.86624442,108.8444754,94.26709027,88.56767729,-14.57738509,7,2,0.571428571,0.781415616
41700117,4/28/18,1610612738,1610612749,BOS vs. MIL,112,96,104,100.4,106.5,106.8,0.482,4,25.16666667,5083.518333,108.8444754,98.86624442,88.56767729,94.26709027,-10.29856713,7,-2,0.285714286,0.816029454
41700137,4/29/18,1610612739,1610612754,CLE vs. IND,105,101,110.9,109.9,105.6,104.2,0.453,78,29,22942.04,102.0416957,104.015528,89.59753401,117.5909064,-14.41799398,7,-2,0.285714286,0.695691333
41700137,4/29/18,1610612754,1610612739,IND @ CLE,101,105,105.6,104.2,110.9,109.9,0.423,64,26.08333333,5464.78,104.015528,102.0416957,117.5909064,89.59753401,15.54921077,7,2,0.571428571,0.89178942
41800121,4/13/19,1610612755,1610612751,PHI vs. BKN,102,111,115.2,112.5,112.2,112.3,0.448,41,27.06666667,7253.303333,100.2892917,112.9262665,100.2892917,112.9262665,-12.63697482,1,0,0,0.67623075
41800121,4/13/19,1610612751,1610612755,BKN @ PHI,111,102,112.2,112.3,115.2,112.5,0.443,0,25.42857143,2606.58,112.9262665,100.2892917,112.9262665,100.2892917,12.63697482,1,0,0,0.810438772
41800141,4/13/19,1610612746,1610612744,LAC @ GSW,104,121,115.1,114.3,117.7,111.2,0.478,67,26.61538462,3104.756667,105.8047902,118.9706303,105.8047902,118.9706303,-13.16584009,1,0,0,0.716435115
41800141,4/13/19,1610612744,1610612746,GSW vs. LAC,121,104,117.7,111.2,115.1,114.3,0.433,14,28.4,24552.865,118.9706303,105.8047902,118.9706303,105.8047902,13.16584009,1,0,0,0.946694017
41800151,4/13/19,1610612743,1610612759,DEN vs. SAS,96,101,110.7,106.7,111.7,110,0.452,55,25.08333333,3068.76,94.38992158,102.752729,94.38992158,102.752729,-8.3628074,1,0,0,0.849290674
41800151,4/13/19,1610612759,1610612743,SAS @ DEN,101,96,111.7,110,110.7,106.7,0.471,31,28.15384615,8689.906667,102.752729,94.38992158,102.752729,94.38992158,8.3628074,1,0,0,0.90799798
41800111,4/13/19,1610612753,1610612761,ORL @ TOR,104,101,107.3,106.6,114.4,108.4,0.41,5,25.58333333,1536.881667,105.8047902,99.30606333,105.8047902,99.30606333,6.498726908,1,0,0,0.81973972
41800111,4/13/19,1610612761,1610612753,TOR vs. ORL,101,104,114.4,108.4,107.3,106.6,0.432,41,28.21428571,14867.39,99.30606333,105.8047902,99.30606333,105.8047902,-6.498726908,1,0,0,0.737688296
41800131,4/14/19,1610612738,1610612754,BOS vs. IND,84,74,112.4,108,108,104.7,0.5,28,26.21428571,11675.755,82.59118139,75.28417767,82.59118139,75.28417767,7.307003715,1,0,0,0.884675093
41800131,4/14/19,1610612754,1610612738,IND @ BOS,74,84,108,104.7,112.4,108,0.495,32,26.84615385,6066.466667,75.28417767,82.59118139,75.28417767,82.59118139,-7.307003715,1,0,0,0.935845048
41800171,4/14/19,1610612762,1610612745,UTA @ HOU,90,122,111.7,106.5,113.9,109.1,0.427,13,28.46153846,9325.415,91.56183771,119.9538587,91.56183771,119.9538587,-28.39202097,1,0,0,0.944687758
41800171,4/14/19,1610612745,1610612762,HOU vs. UTA,122,90,113.9,109.1,111.7,106.5,0.387,7,28.92307692,15267.82333,119.9538587,91.56183771,119.9538587,91.56183771,28.39202097,1,0,0,0.843243654
41800161,4/14/19,1610612757,1610612760,POR vs. OKC,104,99,114.7,110.5,114.5,111.1,0.423,35,25.84615385,5969.32,102.2557484,100.7180215,102.2557484,100.7180215,1.537726903,1,0,0,0.772033745
41800161,4/14/19,1610612760,1610612757,OKC @ POR,99,104,114.5,111.1,114.7,110.5,0.382,3,26.72727273,10215.39333,100.7180215,102.2557484,100.7180215,102.2557484,-1.537726903,1,0,0,0.847115084
41800101,4/14/19,1610612749,1610612765,MIL vs. DET,121,86,118.1,109.3,107,107.3,0.468,16,27.53846154,8243.806667,118.9706303,87.4924227,118.9706303,87.4924227,31.47820763,1,0,0,0.770618638
41800101,4/14/19,1610612765,1610612749,DET @ MIL,86,121,107,107.3,118.1,109.3,0.444,-3,27.78571429,5300.275,87.4924227,118.9706303,87.4924227,118.9706303,-31.47820763,1,0,0,0.748593805
41800122,4/15/19,1610612751,1610612755,BKN @ PHI,123,145,112.2,112.3,115.2,112.5,0.443,0,25.42857143,2606.58,125.1345115,142.5681107,112.9262665,100.2892917,-29.64184422,2,1,0.5,0.872891892
41800122,4/15/19,1610612755,1610612751,PHI vs. BKN,145,123,115.2,112.5,112.2,112.3,0.448,41,27.06666667,7253.303333,142.5681107,125.1345115,100.2892917,112.9262665,-24.84521985,2,-1,0,0.721785071
41800142,4/15/19,1610612746,1610612744,LAC @ GSW,135,131,115.1,114.3,117.7,111.2,0.478,67,26.61538462,3104.756667,137.3427566,128.8029138,105.8047902,118.9706303,-22.99812359,2,-1,0,0.668616742
41800142,4/15/19,1610612744,1610612746,GSW vs. LAC,131,135,117.7,111.2,115.1,114.3,0.433,14,28.4,24552.865,128.8029138,137.3427566,118.9706303,105.8047902,-18.37212623,2,1,0.5,0.946694017
41800162,4/16/19,1610612757,1610612760,POR vs. OKC,114,94,114.7,110.5,114.5,111.1,0.423,35,25.84615385,5969.32,112.0880319,95.63125272,102.2557484,100.7180215,6.624495665,2,1,0.5,0.849124402
41800162,4/16/19,1610612760,1610612757,OKC @ POR,94,114,114.5,111.1,114.7,110.5,0.382,3,26.72727273,10215.39333,95.63125272,112.0880319,100.7180215,102.2557484,-11.3700104,2,-1,0,0.89413288
41800152,4/16/19,1610612759,1610612743,SAS @ DEN,105,114,111.7,110,110.7,106.7,0.471,31,28.15384615,8689.906667,106.822144,112.0880319,102.752729,94.38992158,-9.335302897,2,1,0.5,0.970261129
41800152,4/16/19,1610612743,1610612759,DEN vs. SAS,114,105,110.7,106.7,111.7,110,0.452,55,25.08333333,3068.76,112.0880319,106.822144,94.38992158,102.752729,-12.43222241,2,-1,0,0.849290674
41800112,4/16/19,1610612753,1610612761,ORL @ TOR,82,111,107.3,106.6,114.4,108.4,0.41,5,25.58333333,1536.881667,83.42300769,109.1383468,105.8047902,99.30606333,-3.333556591,2,1,0.5,0.886023172
41800112,4/16/19,1610612761,1610612753,TOR vs. ORL,111,82,114.4,108.4,107.3,106.6,0.432,41,28.21428571,14867.39,109.1383468,83.42300769,99.30606333,105.8047902,15.88305564,2,-1,0,0.764791164
41800132,4/17/19,1610612738,1610612754,BOS vs. IND,99,91,112.4,108,108,104.7,0.5,28,26.21428571,11675.755,97.33960663,92.57919146,82.59118139,75.28417767,-9.988010075,2,1,0.5,0.810322717
41800132,4/17/19,1610612754,1610612738,IND @ BOS,91,99,108,104.7,112.4,108,0.495,32,26.84615385,6066.466667,92.57919146,97.33960663,75.28417767,82.59118139,-22.05542896,2,-1,0,0.879913981
41800172,4/17/19,1610612762,1610612745,UTA @ HOU,98,118,111.7,106.5,113.9,109.1,0.427,13,28.46153846,9325.415,99.70066773,116.0209453,91.56183771,119.9538587,-24.45910757,2,-1,0,0.944687758
41800172,4/17/19,1610612745,1610612762,HOU vs. UTA,118,98,113.9,109.1,111.7,106.5,0.387,7,28.92307692,15267.82333,116.0209453,99.70066773,119.9538587,91.56183771,20.25319095,2,1,0.5,0.886706421
41800102,4/17/19,1610612765,1610612749,DET @ MIL,99,120,107,107.3,118.1,109.3,0.444,-3,27.78571429,5300.275,100.7180215,117.987402,87.4924227,118.9706303,-30.49497928,2,-1,0,0.684099555
41800102,4/17/19,1610612749,1610612765,MIL vs. DET,120,99,118.1,109.3,107,107.3,0.468,16,27.53846154,8243.806667,117.987402,100.7180215,118.9706303,87.4924227,18.25260885,2,1,0.5,0.770618638
41800153,4/18/19,1610612759,1610612743,SAS vs. DEN,118,108,111.7,110,110.7,106.7,0.471,31,28.15384615,8689.906667,116.0209453,109.8742052,106.822144,112.0880319,-3.052061257,3,0,0.333333333,0.970261129
41800153,4/18/19,1610612743,1610612759,DEN @ SAS,108,118,110.7,106.7,111.7,110,0.452,55,25.08333333,3068.76,109.8742052,116.0209453,112.0880319,106.822144,-3.932913399,3,0,0.333333333,0.978385369
41800123,4/18/19,1610612751,1610612755,BKN vs. PHI,115,131,112.2,112.3,115.2,112.5,0.443,0,25.42857143,2606.58,113.0712602,133.2733416,125.1345115,142.5681107,-8.138830018,3,0,0.333333333,0.931968969
41800123,4/18/19,1610612755,1610612751,PHI @ BKN,131,115,115.2,112.5,112.2,112.3,0.448,41,27.06666667,7253.303333,133.2733416,113.0712602,142.5681107,125.1345115,29.49685049,3,0,0.333333333,0.613009257
41800143,4/18/19,1610612744,1610612746,GSW @ LAC,132,105,117.7,111.2,115.1,114.3,0.433,14,28.4,24552.865,134.2906953,103.2389767,128.8029138,137.3427566,25.5639371,3,0,0.333333333,0.918065808
41800143,4/18/19,1610612746,1610612744,LAC vs. GSW,105,132,115.1,114.3,117.7,111.2,0.478,67,26.61538462,3104.756667,103.2389767,134.2906953,137.3427566,128.8029138,3.052061257,3,0,0.333333333,0.716435115
41800113,4/19/19,1610612753,1610612761,ORL vs. TOR,93,98,107.3,106.6,114.4,108.4,0.41,5,25.58333333,1536.881667,91.44023653,99.70066773,83.42300769,109.1383468,-16.27766004,3,0,0.333333333,0.81973972
41800113,4/19/19,1610612761,1610612753,TOR @ ORL,98,93,114.4,108.4,107.3,106.6,0.432,41,28.21428571,14867.39,99.70066773,91.44023653,109.1383468,83.42300769,17.6981103,3,0,0.333333333,0.737688296
41800133,4/19/19,1610612754,1610612738,IND vs. BOS,96,104,108,104.7,112.4,108,0.495,32,26.84615385,6066.466667,94.38992158,105.8047902,92.57919146,97.33960663,-13.22559878,3,-2,0,0.847139051
41800133,4/19/19,1610612738,1610612754,BOS @ IND,104,96,112.4,108,108,104.7,0.5,28,26.21428571,11675.755,105.8047902,94.38992158,97.33960663,92.57919146,2.949685049,3,2,0.666666667,0.810322717
41800163,4/19/19,1610612760,1610612757,OKC vs. POR,120,108,114.5,111.1,114.7,110.5,0.382,3,26.72727273,10215.39333,117.987402,109.8742052,95.63125272,112.0880319,-14.24295253,3,-2,0,0.89413288
41800163,4/19/19,1610612757,1610612760,POR @ OKC,108,120,114.7,110.5,114.5,111.1,0.423,35,25.84615385,5969.32,109.8742052,117.987402,112.0880319,95.63125272,-5.899370099,3,2,0.666666667,0.845941828
41800154,4/20/19,1610612743,1610612759,DEN @ SAS,117,103,110.7,106.7,111.7,110,0.452,55,25.08333333,3068.76,119.030389,101.27252,109.8742052,116.0209453,8.601685217,4,-1,0.25,0.921634482
41800154,4/20/19,1610612759,1610612743,SAS vs. DEN,103,117,111.7,110,110.7,106.7,0.471,31,28.15384615,8689.906667,101.27252,119.030389,116.0209453,109.8742052,-3.009443741,4,1,0.5,0.970261129
41800124,4/20/19,1610612751,1610612755,BKN vs. PHI,108,112,112.2,112.3,115.2,112.5,0.443,0,25.42857143,2606.58,106.1886618,113.9436203,113.0712602,133.2733416,-0.872360029,4,-1,0.25,0.73507349
41800124,4/20/19,1610612755,1610612751,PHI @ BKN,112,108,115.2,112.5,112.2,112.3,0.448,41,27.06666667,7253.303333,113.9436203,106.1886618,133.2733416,113.0712602,27.08467977,4,1,0.5,0.676425734
41800103,4/20/19,1610612765,1610612749,DET vs. MIL,103,119,107,107.3,118.1,109.3,0.444,-3,27.78571429,5300.275,101.27252,121.0650965,100.7180215,117.987402,-20.34707505,3,-2,0,0.788000588
41800103,4/20/19,1610612749,1610612765,MIL @ DET,119,103,118.1,109.3,107,107.3,0.468,16,27.53846154,8243.806667,121.0650965,101.27252,117.987402,100.7180215,16.71488195,3,2,0.666666667,0.836539518
41800173,4/20/19,1610612762,1610612745,UTA vs. HOU,101,104,111.7,106.5,113.9,109.1,0.427,13,28.46153846,9325.415,99.30606333,105.8047902,99.70066773,116.0209453,-6.104122514,3,-2,0,0.876605669
41800173,4/20/19,1610612745,1610612762,HOU @ UTA,104,101,113.9,109.1,111.7,106.5,0.387,7,28.92307692,15267.82333,105.8047902,99.30606333,116.0209453,99.70066773,16.71488195,3,2,0.666666667,0.823970247
41800144,4/21/19,1610612744,1610612746,GSW @ LAC,113,105,117.7,111.2,115.1,114.3,0.433,14,28.4,24552.865,114.960974,103.2389767,134.2906953,103.2389767,31.05171857,4,1,0.5,0.753019019
41800144,4/21/19,1610612746,1610612744,LAC vs. GSW,105,113,115.1,114.3,117.7,111.2,0.478,67,26.61538462,3104.756667,103.2389767,114.960974,103.2389767,134.2906953,-11.72199728,4,-1,0.25,0.642573878
41800114,4/21/19,1610612761,1610612753,TOR @ ORL,107,85,114.4,108.4,107.3,106.6,0.432,41,28.21428571,14867.39,108.8568515,83.57440973,99.70066773,91.44023653,16.12625799,4,1,0.5,0.782115778
41800114,4/21/19,1610612753,1610612761,ORL vs. TOR,85,107,107.3,106.6,114.4,108.4,0.41,5,25.58333333,1536.881667,83.57440973,108.8568515,91.44023653,99.70066773,-17.41661496,4,-1,0.25,0.886023172
41800134,4/21/19,1610612754,1610612738,IND vs. BOS,106,110,108,104.7,112.4,108,0.495,32,26.84615385,6066.466667,104.2222051,111.9089128,94.38992158,105.8047902,-17.51899117,4,-3,0,0.811927937
41800134,4/21/19,1610612738,1610612754,BOS @ IND,110,106,112.4,108,108,104.7,0.5,28,26.21428571,11675.755,111.9089128,104.2222051,105.8047902,94.38992158,1.582585159,4,3,0.75,0.810322717
41800164,4/21/19,1610612757,1610612760,POR @ OKC,111,98,114.7,110.5,114.5,111.1,0.423,35,25.84615385,5969.32,112.9262665,96.35637828,109.8742052,117.987402,13.51782697,4,1,0.5,0.845941828
41800164,4/21/19,1610612760,1610612757,OKC vs. POR,98,111,114.5,111.1,114.7,110.5,0.382,3,26.72727273,10215.39333,96.35637828,112.9262665,117.987402,109.8742052,5.061135473,4,-1,0.25,0.89413288
41800104,4/22/19,1610612765,1610612749,DET vs. MIL,104,127,107,107.3,118.1,109.3,0.444,-3,27.78571429,5300.275,102.2557484,129.2039265,101.27252,121.0650965,-27.93140651,4,-3,0,0.81617376
41800104,4/22/19,1610612749,1610612765,MIL @ DET,127,104,118.1,109.3,107,107.3,0.468,16,27.53846154,8243.806667,129.2039265,102.2557484,121.0650965,101.27252,18.80934814,4,3,0.75,0.836539518
41800174,4/22/19,1610612745,1610612762,HOU @ UTA,91,107,113.9,109.1,111.7,106.5,0.387,7,28.92307692,15267.82333,92.57919146,105.2054334,105.8047902,99.30606333,0.599356809,4,3,0.75,0.867433014
41800174,4/22/19,1610612762,1610612745,UTA vs. HOU,107,91,111.7,106.5,113.9,109.1,0.427,13,28.46153846,9325.415,105.2054334,92.57919146,99.30606333,105.8047902,6.726871872,4,-3,0,0.883442841
41800125,4/23/19,1610612755,1610612751,PHI vs. BKN,122,100,115.2,112.5,112.2,112.3,0.448,41,27.06666667,7253.303333,119.9538587,101.7353752,113.9436203,106.1886618,12.20824503,5,2,0.6,0.721785071
41800125,4/23/19,1610612751,1610612755,BKN @ PHI,100,122,112.2,112.3,115.2,112.5,0.443,0,25.42857143,2606.58,101.7353752,119.9538587,106.1886618,113.9436203,-13.7651969,5,-2,0.2,0.861562396
41800165,4/23/19,1610612757,1610612760,POR vs. OKC,118,115,114.7,110.5,114.5,111.1,0.423,35,25.84615385,5969.32,116.0209453,116.9956815,112.9262665,96.35637828,-4.069415009,5,2,0.6,0.772033745
41800165,4/23/19,1610612760,1610612757,OKC @ POR,115,118,114.5,111.1,114.7,110.5,0.382,3,26.72727273,10215.39333,116.9956815,116.0209453,96.35637828,112.9262665,-19.664567,5,-2,0.2,0.847115084
41800155,4/23/19,1610612759,1610612743,SAS @ DEN,90,108,111.7,110,110.7,106.7,0.471,31,28.15384615,8689.906667,91.56183771,106.1886618,101.27252,119.030389,-4.916141749,5,0,0.4,0.970261129
41800155,4/23/19,1610612743,1610612759,DEN vs. SAS,108,90,110.7,106.7,111.7,110,0.452,55,25.08333333,3068.76,106.1886618,91.56183771,119.030389,101.27252,27.46855131,5,0,0.4,0.918127809
41800115,4/23/19,1610612761,1610612753,TOR vs. ORL,115,96,114.4,108.4,107.3,106.6,0.432,41,28.21428571,14867.39,113.0712602,97.66596022,108.8568515,83.57440973,11.19089128,5,2,0.6,0.782115778
41800115,4/23/19,1610612753,1610612761,ORL @ TOR,96,115,107.3,106.6,114.4,108.4,0.41,5,25.58333333,1536.881667,97.66596022,113.0712602,83.57440973,108.8568515,-29.49685049,5,-2,0.2,0.886023172
41800145,4/24/19,1610612744,1610612746,GSW vs. LAC,121,129,117.7,111.2,115.1,114.3,0.433,14,28.4,24552.865,118.9706303,131.238634,114.960974,103.2389767,-16.27766004,5,2,0.6,0.753019019
41800145,4/24/19,1610612746,1610612744,LAC @ GSW,129,121,115.1,114.3,117.7,111.2,0.478,67,26.61538462,3104.756667,131.238634,118.9706303,103.2389767,114.960974,-15.7316536,5,-2,0.2,0.631194486
41800175,4/24/19,1610612762,1610612745,UTA @ HOU,93,100,111.7,106.5,113.9,109.1,0.427,13,28.46153846,9325.415,94.61389896,98.32283498,105.2054334,92.57919146,6.882598449,5,-2,0.2,0.82864026
41800175,4/24/19,1610612745,1610612762,HOU vs. UTA,100,93,113.9,109.1,111.7,106.5,0.387,7,28.92307692,15267.82333,98.32283498,94.61389896,92.57919146,105.2054334,-2.034707505,5,2,0.6,0.85149336
41800156,4/25/19,1610612743,1610612759,DEN @ SAS,103,120,110.7,106.7,111.7,110,0.452,55,25.08333333,3068.76,104.7874365,117.987402,106.1886618,91.56183771,-11.7987402,6,1,0.5,0.978385369
41800156,4/25/19,1610612759,1610612743,SAS vs. DEN,120,103,111.7,110,110.7,106.7,0.471,31,28.15384615,8689.906667,117.987402,104.7874365,91.56183771,106.1886618,-13.22559878,6,-1,0.333333333,0.887872423
41800146,4/26/19,1610612744,1610612746,GSW @ LAC,129,110,117.7,111.2,115.1,114.3,0.433,14,28.4,24552.865,131.238634,108.1551185,118.9706303,131.238634,10.81551185,6,1,0.5,0.918065808
41800146,4/26/19,1610612746,1610612744,LAC vs. GSW,110,129,115.1,114.3,117.7,111.2,0.478,67,26.61538462,3104.756667,108.1551185,131.238634,131.238634,118.9706303,0,6,-1,0.333333333,0.67340074
41800157,4/27/19,1610612759,1610612743,SAS @ DEN,86,90,111.7,110,110.7,106.7,0.471,31,28.15384615,8689.906667,87.4924227,88.49055148,117.987402,104.7874365,29.49685049,7,0,0.428571429,0.819661365
41800157,4/27/19,1610612743,1610612759,DEN vs. SAS,90,86,110.7,106.7,111.7,110,0.452,55,25.08333333,3068.76,88.49055148,87.4924227,104.7874365,117.987402,17.29501379,7,0,0.428571429,0.849290674
41800211,4/27/19,1610612755,1610612761,PHI @ TOR,95,108,115.2,112.5,114.4,108.4,0.448,41,27.06666667,7253.303333,96.64860647,106.1886618,119.9538587,101.7353752,13.7651969,1,0,0,0.683614155