PLAYER_ID,PLAYER_NAME,TEAM_ID,TEAM_ABBREVIATION,AGE,GP,W,L,W_PCT,MIN,FGM,FGA,FG_PCT,FG3M,FG3A,FG3_PCT,FTM,FTA,FT_PCT,OREB,DREB,REB,AST,TOV,STL,BLK,BLKA,PF,PFD,PTS,PLUS_MINUS,NBA_FANTASY_PTS,DD2,TD3,GP_RANK,W_RANK,L_RANK,W_PCT_RANK,MIN_RANK,FGM_RANK,FGA_RANK,FG_PCT_RANK,FG3M_RANK,FG3A_RANK,FG3_PCT_RANK,FTM_RANK,FTA_RANK,FT_PCT_RANK,OREB_RANK,DREB_RANK,REB_RANK,AST_RANK,TOV_RANK,STL_RANK,BLK_RANK,BLKA_RANK,PF_RANK,PFD_RANK,PTS_RANK,PLUS_MINUS_RANK,NBA_FANTASY_PTS_RANK,DD2_RANK,TD3_RANK,CFID,CFPARAMS
1629027,Trae Young,1610612737,ATL,21.0,60,18,42,0.3,2120.2083333333335,546,1249,0.437,205,568,0.361,481,559,0.86,32,223,255,560,289,65,8,80,104,464,1778,-228,2854.0,28,2,141,279,502,444,26,15,9,272,6,6,178,2,3,79,218,114,143,2,2,56,301,520,327,3,5,504,9,17,12,5,"1629027,1610612737"
1629631,De'Andre Hunter,1610612737,ATL,22.0,63,19,44,0.302,2017.935,280,683,0.41,108,304,0.355,110,144,0.764,44,242,286,112,103,44,18,54,182,132,778,-261,1372.2,3,0,103,259,514,442,46,109,89,366,80,75,195,113,110,256,172,101,113,153,77,147,187,488,501,107,102,515,138,115,28,5,"1629631,1610612737"
1628989,Kevin Huerter,1610612737,ATL,21.0,56,19,37,0.339,1760.375,252,610,0.413,127,334,0.38,53,64,0.828,35,193,228,213,87,51,27,18,139,58,684,-242,1424.1,2,0,200,259,454,396,96,131,105,358,57,58,119,226,245,143,203,149,169,69,114,110,126,308,427,250,128,507,127,140,28,5,"1628989,1610612737"
1629629,Cam Reddish,1610612737,ATL,20.0,58,17,41,0.293,1550.745,213,554,0.384,83,250,0.332,101,126,0.802,35,181,216,87,96,62,28,54,132,110,610,-244,1173.7,0,0,164,292,492,452,139,164,130,426,122,105,274,125,125,191,203,166,185,200,91,64,119,488,408,137,154,508,181,236,28,5,"1629629,1610612737"
201952,Jeff Teague,1610612737,ATL,32.0,59,22,37,0.373,1464.2766666666666,213,489,0.436,43,117,0.368,172,197,0.873,27,115,142,308,116,44,19,38,106,152,641,-170,1346.4,3,0,154,215,454,374,153,164,156,279,215,235,162,56,70,62,244,252,259,35,69,147,179,435,332,86,146,480,144,115,28,5,"201952,1610612737"
1628381,John Collins,1610612737,ATL,22.0,41,15,26,0.366,1363.1616666666666,353,605,0.583,59,147,0.401,120,150,0.8,116,300,416,60,75,31,66,54,138,145,885,-165,1690.2,22,0,305,314,334,380,168,65,108,45,170,189,64,97,104,194,33,53,42,257,141,223,26,488,425,90,81,478,85,24,28,5,"1628381,1610612737"
203991,Clint Capela,1610612737,ATL,26.0,39,22,17,0.564,1279.3033333333333,244,388,0.629,0,0,0.0,55,104,0.529,168,369,537,48,63,33,72,40,102,107,543,60,1511.4,27,0,313,215,209,193,184,137,195,29,454,500,454,222,156,456,13,23,20,297,173,209,23,447,317,140,177,120,111,18,28,5,"203991,1610612737"
1626203,Treveon Graham,1610612737,ATL,26.0,55,21,34,0.382,929.3316666666667,87,242,0.36,33,120,0.275,36,56,0.643,51,99,150,45,29,24,6,23,102,61,243,-151,551.5,0,0,217,233,420,367,255,311,282,447,247,228,366,278,261,402,151,279,250,307,316,265,336,354,317,242,302,471,301,236,28,5,"1626203,1610612737"
1628369,Jayson Tatum,1610612738,BOS,22.0,66,46,20,0.697,2265.085,552,1226,0.45,189,469,0.403,254,313,0.812,64,396,460,200,155,93,57,62,136,239,1547,500,2694.0,10,0,57,20,247,68,15,13,12,223,10,15,60,24,27,174,106,20,28,76,34,15,36,507,423,35,12,4,14,50,28,5,"1628369,1610612738"
1627759,Jaylen Brown,1610612738,BOS,23.0,57,38,19,0.667,1933.665,427,887,0.481,129,338,0.382,176,243,0.724,62,302,364,118,125,65,20,66,167,193,1159,229,1902.8,8,0,174,76,229,82,61,38,41,139,53,57,113,55,46,323,111,50,71,137,57,56,169,513,484,55,39,40,59,69,28,5,"1627759,1610612738"
203935,Marcus Smart,1610612738,BOS,26.0,60,39,21,0.65,1919.27,256,682,0.375,137,395,0.347,127,152,0.836,42,183,225,291,103,101,29,19,162,153,776,281,1769.5,3,0,141,70,260,105,64,125,90,433,46,35,229,87,100,126,183,163,173,38,77,8,114,317,477,85,103,19,73,115,28,5,"203935,1610612738"
202689,Kemba Walker,1610612738,BOS,30.0,56,37,19,0.661,1742.405,378,889,0.425,180,473,0.381,209,242,0.864,36,181,217,268,117,48,28,64,91,216,1145,248,1918.4,2,0,200,88,229,96,100,54,40,318,13,13,117,38,47,72,200,166,182,45,68,128,119,508,285,42,44,31,58,140,28,5,"202689,1610612738"
202330,Gordon Hayward,1610612738,BOS,30.0,52,34,18,0.654,1739.9883333333332,350,700,0.5,85,222,0.383,124,145,0.855,55,293,348,212,96,38,22,39,96,131,909,333,1728.6,8,0,242,108,215,100,101,68,83,105,117,129,111,92,109,90,133,58,80,70,91,181,151,443,295,109,76,13,79,69,28,5,"202330,1610612738"
1628464,Daniel Theis,1610612738,BOS,28.0,65,42,23,0.646,1566.135,241,426,0.566,32,96,0.333,87,114,0.763,140,286,426,111,54,37,84,29,219,140,601,203,1587.7,7,0,72,43,289,109,137,140,175,61,254,258,257,142,142,259,24,63,39,154,209,185,18,396,521,98,155,48,101,79,28,5,"1628464,1610612738"
202954,Brad Wanamaker,1610612738,BOS,30.0,70,48,22,0.686,1351.5833333333333,159,357,0.445,37,100,0.37,126,136,0.926,22,121,143,175,76,61,14,26,131,99,481,132,1064.1,0,0,12,14,274,74,169,220,209,241,232,250,156,88,116,32,291,241,257,91,136,66,231,376,403,161,201,71,201,236,28,5,"202954,1610612738"
1629684,Grant Williams,1610612738,BOS,21.0,68,47,21,0.691,1018.5233333333333,85,204,0.417,23,91,0.253,37,52,0.712,58,112,170,66,49,30,35,14,159,55,230,135,679.0,0,0,38,17,260,73,239,316,307,338,285,264,381,273,274,341,125,258,226,247,231,232,89,259,465,261,310,69,274,236,28,5,"1629684,1610612738"
1629012,Collin Sexton,1610612739,CLE,21.0,65,19,46,0.292,2142.615,513,1086,0.472,97,255,0.38,226,267,0.846,61,143,204,192,158,65,7,120,142,252,1349,-397,1939.8,0,0,72,259,524,453,22,20,20,155,94,102,118,35,39,103,113,208,195,80,31,56,320,527,436,33,21,525,53,236,28,5,"1629012,1610612739"
1626224,Cedi Osman,1610612739,CLE,25.0,65,19,46,0.292,1910.3683333333333,266,609,0.437,123,321,0.383,63,94,0.67,39,192,231,154,91,54,16,36,160,116,718,-350,1345.2,2,0,72,259,524,453,67,118,107,273,60,64,110,203,176,377,189,151,163,102,104,95,207,427,469,127,117,522,145,140,28,5,"1626224,1610612739"
203083,Andre Drummond,1610612739,CLE,26.0,57,21,36,0.368,1878.2016666666666,418,784,0.533,5,35,0.143,169,294,0.575,250,614,864,152,203,109,93,93,201,253,1010,-191,2677.8,47,0,174,233,440,378,73,42,60,77,365,341,440,57,33,439,2,4,3,104,11,6,9,526,515,31,62,487,15,5,28,5,"203083,1610612739"
1629636,Darius Garland,1610612739,CLE,20.0,59,17,42,0.288,1823.9683333333332,280,699,0.401,105,296,0.355,63,72,0.875,27,84,111,229,151,42,4,38,92,92,728,-295,1191.7,1,0,154,292,502,456,83,109,84,393,87,80,197,203,227,57,244,307,298,63,36,155,374,435,288,176,114,519,173,185,28,5,"1629636,1610612739"
201567,Kevin Love,1610612739,CLE,31.0,56,16,40,0.286,1779.87,327,727,0.45,146,390,0.374,187,219,0.854,54,493,547,178,140,33,19,29,90,163,987,-269,1926.4,23,0,200,303,482,457,92,78,77,226,34,37,144,47,58,93,140,10,18,90,46,209,179,396,282,74,67,517,55,22,28,5,"201567,1610612739"
202684,Tristan Thompson,1610612739,CLE,29.0,57,19,38,0.333,1721.525,288,562,0.512,9,23,0.391,99,161,0.615,226,351,577,120,103,33,50,65,124,168,684,-378,1702.4,25,0,174,259,466,400,104,101,126,92,342,361,85,126,92,424,4,30,13,132,77,209,47,511,387,69,128,524,84,19,28,5,"202684,1610612739"
1626204,Larry Nance Jr.,1610612739,CLE,27.0,56,16,40,0.286,1472.1133333333332,229,431,0.531,56,159,0.352,50,74,0.676,106,303,409,123,60,56,22,15,91,101,564,-156,1413.3,12,0,200,303,482,457,151,151,172,80,178,177,210,232,223,371,44,49,44,129,184,88,151,275,285,158,170,473,131,41,28,5,"1626204,1610612739"
1629645,Kevin Porter Jr.,1610612739,CLE,20.0,50,15,35,0.3,1161.72,186,421,0.442,53,158,0.335,73,101,0.723,22,140,162,109,93,46,14,32,135,86,498,-289,942.9,0,0,251,314,432,444,218,193,180,255,188,179,255,175,163,327,291,216,234,160,99,133,231,408,418,193,191,518,221,236,28,5,"1629645,1610612739"
201950,Jrue Holiday,1610612740,NOP,30.0,61,26,35,0.426,2116.8166666666666,458,1006,0.455,122,346,0.353,129,182,0.709,77,216,293,408,184,99,48,59,145,168,1167,35,2387.6,10,1,130,191,432,323,27,29,26,206,63,53,206,86,83,345,74,122,105,16,19,13,49,499,442,69,36,138,29,50,16,5,"201950,1610612740"
1627742,Brandon Ingram,1610612740,NOP,22.0,62,25,37,0.403,2103.44,507,1096,0.463,150,384,0.391,313,368,0.851,51,329,380,259,189,61,38,52,179,312,1477,-44,2429.5,9,0,115,199,454,341,29,21,17,185,30,40,90,14,18,100,151,45,60,51,17,66,77,481,496,18,17,359,25,54,28,5,"1627742,1610612740"
1628366,Lonzo Ball,1610612740,NOP,22.0,62,26,36,0.419,1996.1483333333333,272,678,0.401,144,389,0.37,41,74,0.554,70,310,380,434,189,88,36,34,125,78,729,-22,2019.0,12,3,115,191,440,330,50,115,91,392,39,39,154,260,223,447,87,48,60,13,17,21,83,422,389,215,113,312,47,41,9,5,"1628366,1610612740"
1628404,Josh Hart,1610612740,NOP,25.0,63,26,37,0.413,1689.5816666666667,217,510,0.425,118,340,0.347,78,105,0.743,60,341,401,101,71,60,22,24,159,97,630,-107,1437.7,9,0,103,191,454,337,112,161,150,316,68,56,227,159,155,302,117,34,48,171,155,72,151,361,465,163,148,437,124,54,28,5,"1628404,1610612740"
200755,JJ Redick,1610612740,NOP,36.0,60,26,34,0.433,1580.9666666666667,286,631,0.453,180,397,0.453,165,185,0.892,10,141,151,119,75,20,10,15,96,159,917,-21,1291.7,0,0,141,191,420,316,133,104,101,213,13,34,25,63,79,47,376,213,247,133,141,296,270,275,295,82,75,309,155,236,28,5,"200755,1610612740"
202324,Derrick Favors,1610612740,NOP,28.0,51,24,27,0.471,1242.455,209,339,0.617,1,7,0.143,40,71,0.563,163,338,501,81,55,30,46,25,107,79,459,115,1354.7,18,0,246,206,346,265,195,171,222,35,427,421,440,262,229,445,15,35,24,212,203,232,54,369,336,212,207,85,141,31,28,5,"202324,1610612740"
1629637,Jaxson Hayes,1610612740,NOP,20.0,62,28,34,0.452,1026.465,165,248,0.665,1,4,0.25,119,185,0.643,94,156,250,56,50,25,53,14,155,142,450,-36,1018.0,3,0,115,166,420,290,234,215,277,19,427,444,382,100,79,401,58,193,146,267,226,253,43,259,459,94,210,348,209,115,28,5,"1629637,1610612740"
202734,E'Twaun Moore,1610612740,NOP,31.0,55,27,28,0.491,995.62,180,426,0.423,63,166,0.38,29,43,0.674,30,97,127,75,39,31,11,17,80,39,452,-31,803.9,0,0,217,176,357,242,242,199,175,328,158,170,125,312,301,373,227,283,272,229,273,223,260,301,257,315,209,335,248,236,28,5,"202734,1610612740"
203897,Zach LaVine,1610612741,CHI,25.0,60,20,40,0.333,2085.41,539,1199,0.45,184,484,0.38,268,334,0.802,41,248,289,254,206,88,28,86,131,243,1530,-191,2399.8,2,0,141,247,482,400,31,16,13,227,12,11,120,20,23,189,185,92,110,55,10,21,119,523,403,34,14,487,28,140,28,5,"203897,1610612741"
203107,Tomas Satoransky,1610612741,CHI,28.0,65,22,43,0.338,1877.9383333333333,237,551,0.43,64,199,0.322,106,121,0.876,76,178,254,354,130,80,7,31,135,141,644,-69,1610.8,3,0,72,215,508,398,74,143,132,294,155,148,292,115,133,56,78,171,144,24,49,31,320,404,418,96,144,399,98,115,28,5,"203107,1610612741"
1629632,Coby White,1610612741,CHI,20.0,65,22,43,0.338,1674.0,312,792,0.394,133,376,0.354,102,129,0.791,28,202,230,175,109,49,6,61,117,117,859,-163,1453.5,0,0,72,215,508,398,115,87,56,408,50,44,199,121,124,214,239,143,165,91,72,122,336,505,370,126,85,476,120,236,28,5,"1629632,1610612741"
201152,Thaddeus Young,1610612741,CHI,32.0,64,22,42,0.344,1590.6616666666666,269,601,0.448,79,222,0.356,42,72,0.583,94,221,315,117,102,92,23,44,134,97,659,-209,1455.5,2,0,90,215,502,392,130,116,109,233,128,129,192,255,227,438,58,117,88,140,80,18,143,461,417,163,141,497,119,140,28,5,"201152,1610612741"
1628374,Lauri Markkanen,1610612741,CHI,23.0,50,18,32,0.36,1491.5783333333334,251,591,0.425,109,317,0.344,126,153,0.824,60,253,313,74,81,42,23,39,96,122,737,-68,1337.6,3,0,251,279,399,384,148,132,114,322,78,68,237,88,98,150,117,86,93,232,128,155,143,443,295,119,110,397,148,115,28,5,"1628374,1610612741"
1627739,Kris Dunn,1610612741,CHI,26.0,51,19,32,0.373,1268.62,152,342,0.444,29,112,0.259,40,54,0.741,23,163,186,173,68,101,17,20,158,57,373,-29,1141.7,0,0,246,259,399,375,188,228,216,244,268,238,375,262,267,304,279,185,204,94,164,8,193,326,463,253,247,329,190,236,28,5,"1627739,1610612741"
1628976,Wendell Carter Jr.,1610612741,CHI,21.0,43,15,28,0.349,1255.7866666666666,183,343,0.534,6,29,0.207,112,152,0.737,139,266,405,51,72,33,36,32,162,144,484,-29,1181.5,17,0,293,314,357,389,192,194,213,75,356,346,414,110,100,310,26,75,46,283,151,209,83,408,477,91,199,329,177,33,28,5,"1628976,1610612741"
1627853,Ryan Arcidiacono,1610612741,CHI,26.0,58,21,37,0.362,929.9733333333334,90,220,0.409,54,138,0.391,27,38,0.711,20,90,110,96,37,27,3,10,96,74,261,-82,590.0,0,0,164,233,454,383,254,302,296,370,184,200,85,318,313,342,313,295,300,185,279,240,401,216,295,226,294,417,291,236,28,5,"1627853,1610612741"
1627827,Dorian Finney-Smith,1610612742,DAL,27.0,70,40,30,0.571,2108.705,243,521,0.466,114,302,0.377,78,108,0.722,145,260,405,113,69,45,39,32,177,90,678,272,1516.5,5,0,12,62,386,192,28,138,146,178,71,76,129,159,153,328,20,79,46,150,162,141,74,408,493,178,132,22,110,90,28,5,"1627827,1610612742"
203501,Tim Hardaway Jr.,1610612742,DAL,28.0,70,41,29,0.586,2071.3033333333333,382,876,0.436,203,510,0.398,146,178,0.82,25,205,230,137,68,41,5,44,123,160,1113,314,1664.5,0,0,12,54,369,179,39,53,44,276,7,8,74,77,85,156,264,140,165,115,164,162,354,461,384,79,49,14,88,236,28,5,"203501,1610612742"
1629029,Luka Doncic,1610612742,DAL,21.0,60,36,24,0.6,2034.0116666666668,576,1246,0.462,170,539,0.315,419,555,0.755,77,491,568,538,259,61,14,67,151,451,1741,255,3195.6,39,17,141,95,302,165,45,10,10,186,21,7,307,7,4,271,74,11,16,4,4,66,231,514,449,4,6,28,4,10,1,5,"1629029,1610612742"
1628467,Maxi Kleber,1610612742,DAL,28.0,73,42,31,0.575,1878.97,236,512,0.461,118,317,0.372,79,93,0.849,111,276,387,88,58,25,82,14,175,95,669,124,1528.4,2,0,1,43,392,190,72,145,148,193,68,68,148,154,181,102,37,70,55,197,194,253,19,259,492,169,138,75,108,140,28,5,"1628467,1610612742"
204001,Kristaps Porzingis,1610612742,DAL,24.0,57,32,25,0.561,1813.7766666666666,398,932,0.427,142,403,0.352,226,283,0.799,100,440,540,102,92,41,115,33,185,222,1164,268,2341.0,25,0,174,128,317,195,86,45,36,308,42,30,209,35,35,200,49,15,19,170,102,162,7,418,503,39,37,24,32,19,28,5,"204001,1610612742"
203552,Seth Curry,1610612742,DAL,29.0,63,38,25,0.603,1555.6633333333334,281,565,0.497,143,318,0.45,80,97,0.825,26,117,143,124,62,38,9,14,111,75,785,185,1221.6,0,0,103,76,317,163,138,108,125,118,40,66,27,153,171,149,256,247,257,127,176,181,288,259,351,223,99,52,166,236,28,5,"203552,1610612742"
1626153,Delon Wright,1610612742,DAL,28.0,72,42,30,0.583,1547.8333333333333,188,407,0.462,47,127,0.37,77,100,0.77,70,208,278,240,72,84,22,29,92,94,500,42,1439.6,1,0,2,43,386,182,141,191,185,187,202,216,155,162,166,248,87,136,120,59,151,25,151,396,288,173,189,130,123,185,28,5,"1626153,1610612742"
1626161,Willie Cauley-Stein,1610612742,DAL,26.0,54,16,38,0.296,1097.4466666666667,175,302,0.579,0,1,0.0,40,66,0.606,84,231,315,70,40,49,61,18,121,70,390,-128,1163.0,3,0,223,303,466,451,225,202,243,52,454,484,454,262,239,429,67,108,88,238,270,122,31,308,375,230,235,457,186,115,28,5,"1626161,1610612742"
203999,Nikola Jokic,1610612743,DEN,25.0,71,46,25,0.648,2296.7383333333332,557,1059,0.526,79,251,0.315,244,297,0.822,165,538,703,497,224,85,44,32,221,359,1437,256,3189.1,42,13,5,20,317,107,14,11,21,83,128,104,308,29,30,155,14,8,8,6,8,24,62,408,523,10,18,27,5,7,2,5,"203999,1610612743"
203115,Will Barton,1610612743,DEN,29.0,58,38,20,0.655,1915.8383333333334,332,738,0.45,108,288,0.375,102,133,0.767,76,289,365,212,88,61,29,45,121,111,874,244,1812.0,7,0,164,76,247,99,65,75,74,225,80,85,134,121,121,254,78,61,69,70,110,66,114,467,375,136,84,35,68,79,28,5,"203115,1610612743"
1627750,Jamal Murray,1610612743,DEN,23.0,57,38,19,0.667,1868.1816666666666,401,881,0.455,107,314,0.341,161,183,0.88,45,188,233,277,127,66,17,27,98,176,1070,247,1887.1,3,0,174,76,229,82,75,44,43,207,85,70,246,67,82,55,170,157,162,43,54,55,193,381,305,65,52,32,61,115,28,5,"1627750,1610612743"
203924,Jerami Grant,1610612743,DEN,26.0,69,45,24,0.652,1845.495,293,614,0.477,94,242,0.388,144,192,0.75,56,184,240,86,62,49,57,32,154,179,824,-81,1497.0,0,0,26,28,302,101,80,96,104,149,101,110,94,79,73,274,132,162,155,201,176,122,36,408,455,62,93,416,114,236,28,5,"203924,1610612743"
203914,Gary Harris,1610612743,DEN,25.0,56,37,19,0.661,1780.2,218,519,0.42,70,210,0.333,75,92,0.815,26,137,163,118,60,76,14,27,116,83,581,122,1163.6,0,0,200,88,229,96,91,159,147,330,146,143,257,168,183,167,256,220,233,137,184,39,231,381,364,198,160,81,185,236,28,5,"203914,1610612743"
1628420,Monte Morris,1610612743,DEN,25.0,71,46,25,0.648,1585.735,254,546,0.465,61,162,0.377,69,83,0.831,23,106,129,249,50,55,16,27,73,81,638,71,1329.3,0,0,5,20,317,107,131,127,134,180,163,174,132,188,204,139,279,267,271,56,226,89,207,381,236,203,147,106,149,236,28,5,"1628420,1610612743"
200794,Paul Millsap,1610612743,DEN,35.0,49,30,19,0.612,1201.5333333333333,205,424,0.483,52,120,0.433,114,139,0.82,96,189,285,79,68,42,29,35,144,119,576,225,1181.5,5,0,256,146,229,154,207,172,178,135,196,228,31,106,111,157,55,153,114,220,164,155,114,424,441,123,166,41,177,90,28,5,"200794,1610612743"
1628470,Torrey Craig,1610612743,DEN,29.0,56,38,18,0.679,1033.0816666666667,119,255,0.467,42,131,0.321,22,35,0.629,60,120,180,44,23,23,36,9,133,38,302,-164,738.0,2,0,200,76,215,76,232,266,271,174,222,210,296,342,324,415,117,242,213,313,341,273,83,199,414,318,274,477,260,140,28,5,"1628470,1610612743"
203952,Andrew Wiggins,1610612744,GSW,25.0,54,15,39,0.278,1858.8816666666667,437,978,0.447,111,334,0.332,190,268,0.709,66,208,274,198,132,45,53,56,127,212,1175,-201,1962.8,4,1,223,314,476,464,78,33,30,235,74,58,273,45,38,344,100,136,126,78,48,141,43,493,397,45,34,494,51,101,16,5,"203952,1610612744"
1629672,Eric Paschall,1610612744,GSW,23.0,60,14,46,0.233,1653.795,318,640,0.497,37,129,0.287,164,212,0.774,82,193,275,127,94,32,13,54,125,165,837,-375,1398.5,4,0,141,335,524,488,118,82,98,119,232,212,345,66,59,245,68,149,124,123,98,220,243,488,389,72,91,523,132,101,28,5,"1629672,1610612744"
1627814,Damion Lee,1610612744,GSW,27.0,49,12,37,0.245,1422.5933333333332,213,511,0.417,85,239,0.356,110,126,0.873,32,207,239,133,67,50,6,21,116,126,621,-124,1208.3,3,0,256,351,454,485,161,164,149,337,117,114,194,113,125,63,218,138,157,118,168,119,336,338,364,115,151,455,168,115,28,5,"1627814,1610612744"
1629673,Jordan Poole,1610612744,GSW,21.0,57,12,45,0.211,1273.89,167,502,0.333,74,265,0.279,95,119,0.798,9,109,118,134,74,35,10,32,94,109,503,-198,906.6,0,0,174,351,520,497,185,211,153,475,139,96,361,129,136,201,390,262,290,117,147,196,270,408,292,138,187,493,232,236,28,5,"1629673,1610612744"
203110,Draymond Green,1610612744,GSW,30.0,43,10,33,0.233,1221.6566666666668,123,316,0.389,36,129,0.279,63,83,0.759,23,243,266,266,98,59,33,13,110,83,345,-193,1241.2,8,2,293,370,412,490,202,261,234,418,239,212,362,203,204,266,279,100,136,46,87,76,97,246,346,198,258,490,164,69,12,5,"203110,1610612744"
1627737,Marquese Chriss,1610612744,GSW,22.0,59,15,44,0.254,1196.1283333333333,210,385,0.545,8,39,0.205,120,156,0.769,114,251,365,114,78,39,62,23,122,136,548,-227,1382.0,9,0,154,314,514,478,208,168,197,70,348,332,416,97,96,249,34,88,69,146,133,176,30,354,379,99,173,503,136,54,28,5,"1627737,1610612744"
1629065,Ky Bowman,1610612744,GSW,23.0,45,9,36,0.2,1015.1866666666666,134,321,0.417,33,107,0.308,34,41,0.829,24,97,121,131,70,44,10,17,102,51,335,-174,768.7,0,0,278,384,440,499,241,249,232,335,247,245,315,286,306,140,271,283,284,119,159,147,270,301,317,276,263,483,255,236,28,5,"1629065,1610612744"
1627733,Dragan Bender,1610612744,GSW,22.0,16,10,6,0.625,285.55,41,92,0.446,15,43,0.349,10,14,0.714,16,57,73,28,21,4,9,8,42,19,107,-5,254.6,0,0,419,370,84,131,392,378,375,240,313,326,221,392,396,335,341,350,355,355,348,424,288,189,176,379,378,249,379,236,28,5,"1627733,1610612744"
201935,James Harden,1610612745,HOU,30.0,66,43,23,0.652,2420.8,650,1477,0.44,288,820,0.351,675,781,0.864,69,357,426,493,295,121,58,91,224,510,2263,286,3755.7,20,4,57,35,289,102,4,2,1,262,1,1,213,1,1,71,91,29,39,7,1,1,35,524,524,1,1,16,1,28,6,5,"201935,1610612745"
200782,P.J. Tucker,1610612745,HOU,35.0,70,44,26,0.629,2410.0,173,414,0.418,105,291,0.361,39,48,0.813,111,360,471,111,71,77,34,11,225,105,490,158,1483.7,6,0,12,30,334,128,7,205,183,333,87,84,179,268,285,173,37,27,27,154,155,36,92,225,525,148,196,61,115,85,28,5,"200782,1610612745"
203496,Robert Covington,1610612745,HOU,29.0,68,27,41,0.397,2077.075,301,711,0.423,157,468,0.335,95,120,0.792,63,388,451,85,100,113,89,23,216,125,854,35,2028.7,7,0,38,176,492,354,36,92,81,325,27,17,254,129,135,212,109,21,30,203,82,3,14,354,520,116,87,138,45,79,28,5,"203496,1610612745"
201566,Russell Westbrook,1610612745,HOU,31.0,57,36,21,0.632,2049.1683333333335,604,1281,0.472,55,213,0.258,290,380,0.763,100,351,451,401,255,93,20,81,200,270,1553,123,2779.7,22,8,174,95,260,123,42,6,7,157,181,139,376,15,16,259,49,30,30,17,6,15,169,521,514,27,11,76,11,24,4,5,"201566,1610612745"
1627863,Danuel House Jr.,1610612745,HOU,27.0,63,40,23,0.635,1912.6516666666666,230,539,0.427,129,355,0.363,73,90,0.811,57,210,267,85,54,67,34,19,132,85,662,123,1358.9,2,0,103,62,289,121,66,149,138,312,53,49,172,175,186,175,129,132,133,203,209,54,92,317,408,195,140,76,140,140,28,5,"1627863,1610612745"
203463,Ben McLemore,1610612745,HOU,27.0,69,44,25,0.638,1580.4183333333333,239,532,0.449,178,441,0.404,49,65,0.754,21,133,154,57,49,43,14,18,154,61,705,207,1097.3,1,0,26,30,317,117,134,142,142,229,15,20,58,236,243,272,303,226,241,264,231,152,231,308,455,242,122,47,196,185,28,5,"203463,1610612745"
203085,Austin Rivers,1610612745,HOU,27.0,66,43,23,0.652,1550.14,210,490,0.429,95,263,0.361,77,109,0.706,26,139,165,110,46,46,10,26,124,101,592,116,1077.0,0,0,57,35,289,102,140,168,155,300,97,97,177,162,150,347,256,218,232,157,244,133,270,376,387,158,158,83,199,236,28,5,"203085,1610612745"
201569,Eric Gordon,1610612745,HOU,31.0,34,21,13,0.618,972.4216666666666,162,438,0.37,92,288,0.319,78,103,0.757,8,57,65,52,36,22,12,28,68,79,494,21,716.0,0,0,340,233,159,144,248,218,171,440,102,85,298,159,158,270,404,350,372,276,285,284,247,390,227,212,192,169,268,236,28,5,"201569,1610612745"
202694,Marcus Morris Sr.,1610612746,LAC,30.0,61,25,36,0.41,1906.69,352,800,0.44,141,341,0.413,181,220,0.823,59,247,306,84,97,46,30,24,177,165,1026,30,1650.2,3,0,130,199,440,338,69,67,54,263,43,55,48,50,56,153,123,95,96,207,89,133,109,361,493,72,56,149,89,115,28,5,"202694,1610612746"
101150,Lou Williams,1610612746,LAC,33.0,64,43,21,0.672,1839.0583333333334,383,923,0.415,109,309,0.353,287,333,0.862,30,169,199,358,180,42,12,49,78,264,1162,199,1919.8,2,0,90,35,260,80,81,52,38,350,78,73,205,17,25,78,227,182,199,23,22,155,247,477,250,29,38,49,57,140,28,5,"101150,1610612746"
202695,Kawhi Leonard,1610612746,LAC,29.0,56,40,16,0.714,1814.7366666666667,523,1117,0.468,122,321,0.38,349,394,0.886,54,343,397,277,148,101,33,40,109,336,1517,466,2662.9,13,1,200,62,195,57,84,19,16,168,63,64,123,11,14,51,140,33,50,43,38,8,97,447,343,13,15,5,16,38,16,5,"202695,1610612746"
1626149,Montrezl Harrell,1610612746,LAC,26.0,63,44,19,0.698,1749.1266666666668,471,812,0.58,0,18,0.0,231,351,0.658,163,282,445,107,108,39,72,71,146,301,1173,251,2092.5,12,0,103,30,229,67,99,25,52,50,454,372,454,34,21,389,15,69,33,165,75,176,23,517,444,21,35,29,43,41,28,5,"1626149,1610612746"
1629013,Landry Shamet,1610612746,LAC,23.0,53,34,19,0.642,1451.93,158,391,0.404,111,296,0.375,65,76,0.855,6,94,100,99,42,20,10,14,142,65,492,123,808.5,0,0,233,108,229,112,156,222,194,383,74,80,134,200,217,89,417,288,315,175,261,296,270,259,436,238,195,76,247,236,28,5,"1629013,1610612746"
202331,Paul George,1610612746,LAC,30.0,47,33,14,0.702,1382.7833333333333,334,762,0.438,153,372,0.411,185,210,0.881,23,245,268,181,123,65,20,37,113,177,1006,246,1731.1,5,0,268,116,171,63,166,73,65,267,29,45,55,48,62,54,279,99,131,87,63,56,169,431,354,63,63,33,78,90,28,5,"202331,1610612746"
201976,Patrick Beverley,1610612746,LAC,31.0,51,38,13,0.745,1341.7016666666666,147,341,0.431,80,206,0.388,31,47,0.66,57,209,266,183,66,54,25,8,156,85,405,285,1169.7,4,0,246,76,159,44,172,234,219,290,125,145,95,299,292,387,129,134,136,86,170,95,134,189,460,195,229,17,183,101,28,5,"201976,1610612746"
1627826,Ivica Zubac,1610612746,LAC,23.0,70,47,23,0.671,1294.0333333333333,227,373,0.609,0,2,0.0,121,162,0.747,192,335,527,80,60,16,65,28,164,121,575,218,1510.4,9,0,12,17,289,81,180,153,202,38,454,464,454,94,91,297,8,37,21,214,184,318,28,390,480,120,167,43,112,54,28,5,"1627826,1610612746"
2544,LeBron James,1610612747,LAL,35.0,66,50,16,0.758,2301.6666666666665,637,1290,0.494,146,420,0.348,261,378,0.69,65,457,522,680,258,78,36,59,118,336,1681,455,3411.4,46,13,57,10,195,34,13,3,6,122,34,27,225,22,17,361,103,13,22,1,5,33,83,499,373,13,8,6,3,6,2,5,"2544,1610612747"
203076,Anthony Davis,1610612747,LAL,27.0,62,46,16,0.742,2131.193333333333,551,1096,0.503,72,218,0.33,444,525,0.846,142,435,577,200,154,91,143,41,156,406,1618,240,3158.4,29,0,115,20,195,46,24,14,17,102,144,134,279,5,5,106,22,17,13,76,35,19,3,451,460,6,10,38,6,15,28,5,"203076,1610612747"
203484,Kentavious Caldwell-Pope,1610612747,LAL,27.0,69,51,18,0.739,1761.9616666666666,237,507,0.467,92,239,0.385,79,102,0.775,38,104,142,111,62,57,14,15,128,87,645,155,1132.9,0,0,26,6,215,47,95,143,152,170,102,114,106,154,160,243,195,271,259,154,176,85,231,275,399,188,143,62,192,236,28,5,"203484,1610612747"
201980,Danny Green,1610612747,LAL,33.0,67,51,16,0.761,1673.17,196,470,0.417,120,324,0.37,33,48,0.688,50,173,223,89,63,83,32,7,135,61,545,259,1228.1,0,0,50,6,195,29,116,182,162,336,66,62,153,291,285,362,153,177,175,196,173,28,103,171,418,242,176,26,165,236,28,5,"201980,1610612747"
1628398,Kyle Kuzma,1610612747,LAL,24.0,61,46,15,0.754,1526.185,291,668,0.436,86,272,0.316,114,155,0.735,52,221,273,80,91,28,26,22,126,108,782,181,1300.6,2,0,130,20,183,36,143,99,94,278,112,94,303,106,97,312,146,117,128,214,104,235,128,348,393,139,100,54,153,140,28,5,"1628398,1610612747"
2730,Dwight Howard,1610612747,LAL,34.0,68,52,16,0.765,1293.28,201,274,0.734,3,5,0.6,106,208,0.51,171,331,502,45,83,31,79,13,219,203,511,167,1427.9,9,0,38,2,195,27,181,175,261,4,391,436,6,115,63,458,12,41,23,307,124,223,20,246,521,50,185,56,126,54,28,5,"2730,1610612747"
202340,Avery Bradley,1610612747,LAL,29.0,49,36,13,0.735,1186.465,170,383,0.444,63,173,0.364,20,24,0.833,18,97,115,63,47,43,5,23,110,27,423,183,752.5,0,0,256,95,159,50,212,207,198,248,158,162,168,348,362,127,321,283,295,253,239,152,354,354,346,352,222,53,257,236,28,5,"202340,1610612747"
1627936,Alex Caruso,1610612747,LAL,26.0,64,48,16,0.75,1175.275,120,291,0.412,40,120,0.333,69,94,0.734,17,106,123,124,53,70,18,24,98,106,349,246,893.6,0,0,90,14,195,38,213,264,247,361,228,228,257,188,176,314,333,267,281,127,215,46,187,361,305,143,254,33,236,236,28,5,"1627936,1610612747"
1628389,Bam Adebayo,1610612748,MIA,22.0,71,44,27,0.62,2400.645,437,785,0.557,2,14,0.143,264,382,0.691,176,557,733,364,203,82,93,59,179,326,1140,239,2887.6,40,3,5,30,346,140,8,33,58,63,411,388,440,21,15,360,11,7,7,21,11,29,9,499,496,16,47,39,8,9,9,5,"1628389,1610612748"
1629130,Duncan Robinson,1610612748,MIA,26.0,71,44,27,0.62,2136.58,317,676,0.469,265,596,0.445,65,70,0.929,10,218,228,98,67,35,19,9,190,82,964,347,1479.6,1,0,5,30,346,140,23,83,92,164,2,4,29,200,232,31,376,121,169,179,168,196,179,199,507,201,70,11,116,185,28,5,"1629130,1610612748"
202710,Jimmy Butler,1610612748,MIA,30.0,57,38,19,0.667,1943.27,343,755,0.454,29,119,0.244,435,520,0.837,105,276,381,348,124,101,32,45,80,386,1150,244,2404.2,11,3,174,76,229,82,60,69,69,210,268,232,394,6,6,123,45,70,57,27,60,8,103,467,257,8,41,35,27,46,9,5,"202710,1610612748"
1629134,Kendrick Nunn,1610612748,MIA,24.0,66,42,24,0.636,1929.5016666666668,393,887,0.443,136,382,0.356,79,94,0.84,20,158,178,216,109,53,14,56,151,84,1001,82,1630.6,0,0,57,43,302,118,63,47,41,249,47,41,191,154,176,116,313,191,217,68,72,99,231,493,449,197,64,99,92,236,28,5,"1629134,1610612748"
203109,Jae Crowder,1610612748,MIA,29.0,64,29,35,0.453,1867.1816666666666,225,559,0.403,134,390,0.344,97,125,0.776,52,332,384,161,69,72,24,21,142,121,681,-138,1602.3,6,0,90,157,432,288,76,156,127,388,49,37,240,127,127,240,146,40,56,98,162,42,139,338,436,120,130,463,99,85,28,5,"203109,1610612748"
201609,Goran Dragic,1610612748,MIA,34.0,58,37,21,0.638,1640.935,312,712,0.438,123,334,0.368,190,244,0.779,28,154,182,295,143,38,10,27,121,189,937,159,1598.9,3,0,164,88,260,116,123,87,80,269,60,58,161,45,45,228,239,196,209,37,43,181,270,381,375,57,72,59,100,115,28,5,"201609,1610612748"
1629639,Tyler Herro,1610612748,MIA,20.0,53,34,19,0.642,1441.83,255,599,0.426,110,284,0.387,77,90,0.856,15,202,217,116,83,33,8,22,72,75,697,-2,1171.4,1,0,233,108,229,112,158,126,110,313,77,89,101,162,186,88,346,143,182,141,124,209,301,348,232,223,124,239,182,185,28,5,"1629639,1610612748"
1627884,Derrick Jones Jr.,1610612748,MIA,23.0,57,34,23,0.596,1342.4816666666666,181,345,0.525,37,132,0.28,94,121,0.777,64,165,229,59,29,55,38,14,128,106,493,-33,1106.3,0,0,174,108,289,171,171,196,211,84,232,208,359,131,133,238,106,184,167,261,316,89,77,259,399,143,194,340,195,236,28,5,"1627884,1610612748"
203507,Giannis Antetokounmpo,1610612749,MIL,25.0,62,50,12,0.806,1906.73,684,1235,0.554,89,293,0.304,388,617,0.629,138,709,847,353,227,60,66,69,193,508,1845,670,3541.9,56,4,115,10,142,14,68,1,11,67,108,83,324,8,2,414,27,1,4,25,7,72,26,516,509,2,3,1,2,1,6,5,"203507,1610612749"
203114,Khris Middleton,1610612749,MIL,28.0,61,46,15,0.754,1832.1716666666666,466,934,0.499,147,353,0.416,204,222,0.919,44,334,378,261,134,53,7,38,141,167,1283,519,2174.1,7,0,130,20,183,36,82,26,35,117,33,50,46,40,55,35,172,39,62,49,47,99,320,435,433,71,26,3,40,79,28,5,"203114,1610612749"
201572,Brook Lopez,1610612749,MIL,32.0,66,52,14,0.788,1774.2,277,646,0.429,95,312,0.304,121,146,0.829,53,247,300,98,68,46,162,22,160,129,770,532,1833.0,4,0,57,2,171,22,93,113,97,299,97,71,322,94,108,141,144,95,99,179,164,133,2,348,469,111,105,2,66,101,28,5,"201572,1610612749"
202083,Wesley Matthews,1610612749,MIL,33.0,67,52,15,0.776,1634.865,167,422,0.396,108,297,0.364,52,68,0.765,22,144,166,92,43,38,9,19,103,80,494,454,929.2,0,0,50,2,183,25,124,211,179,406,80,79,169,228,234,255,291,207,231,192,256,181,288,317,323,208,192,7,226,236,28,5,"202083,1610612749"
202339,Eric Bledsoe,1610612749,MIL,30.0,60,48,12,0.8,1626.25,333,696,0.478,74,213,0.347,168,212,0.792,43,238,281,323,147,55,26,38,126,177,908,450,1825.7,2,0,141,14,142,15,127,74,85,146,139,139,226,58,59,211,176,104,116,31,39,89,128,435,393,63,77,8,67,140,28,5,"202339,1610612749"
1628978,Donte DiVincenzo,1610612749,MIL,23.0,65,53,12,0.815,1501.4433333333334,225,497,0.453,80,242,0.331,63,84,0.75,65,249,314,150,85,84,20,27,109,94,593,418,1421.8,1,0,72,1,142,13,146,156,154,215,125,110,278,203,202,274,103,91,90,107,118,25,169,381,343,173,157,9,129,185,28,5,"1628978,1610612749"
201588,George Hill,1610612749,MIL,34.0,58,46,12,0.793,1248.6316666666667,192,368,0.522,80,172,0.465,85,101,0.842,50,125,175,174,56,46,5,20,82,96,549,283,1117.0,0,0,164,20,142,20,193,186,204,87,125,163,24,144,163,115,153,239,223,93,200,133,354,326,264,167,172,18,194,236,28,5,"201588,1610612749"
1626192,Pat Connaughton,1610612749,MIL,27.0,65,52,13,0.8,1203.03,133,290,0.459,53,160,0.331,29,38,0.763,59,216,275,104,51,23,31,18,68,37,348,80,945.0,0,0,72,2,159,15,206,250,249,200,188,176,276,312,313,259,123,122,124,169,223,273,107,308,227,320,255,101,220,236,28,5,"1626192,1610612749"
1629006,Josh Okogie,1610612750,MIN,21.0,62,19,43,0.306,1547.2933333333333,170,398,0.427,41,154,0.266,152,191,0.796,87,181,268,99,87,68,26,35,139,146,533,-160,1198.1,0,0,115,259,508,434,142,207,188,307,224,184,371,75,74,204,66,166,131,175,114,52,128,424,427,89,181,475,171,236,28,5,"1629006,1610612750"
1629633,Jarrett Culver,1610612750,MIN,21.0,63,19,44,0.302,1505.6066666666666,230,569,0.404,66,221,0.299,54,117,0.462,70,142,212,110,81,57,38,53,125,95,580,-103,1203.4,0,0,103,259,514,442,145,149,122,382,152,132,335,223,140,478,87,211,189,157,128,85,77,483,389,169,161,434,169,236,28,5,"1629633,1610612750"
1626156,D'Angelo Russell,1610612750,MIN,24.0,45,11,34,0.244,1452.1283333333333,360,846,0.426,158,431,0.367,161,199,0.809,17,160,177,285,147,48,13,18,86,160,1039,-252,1714.9,3,0,278,359,420,486,155,61,48,315,25,23,164,67,66,181,333,188,218,40,39,128,243,308,273,79,55,511,83,115,28,5,"1626156,1610612750"
1627736,Malik Beasley,1610612750,MIN,23.0,55,30,25,0.545,1208.7116666666666,227,534,0.425,107,276,0.388,54,66,0.818,18,130,148,75,57,40,8,29,77,56,615,-50,992.1,1,0,217,146,317,204,205,153,140,319,85,92,98,223,239,162,321,233,254,229,197,167,301,396,248,256,152,372,211,185,28,5,"1627736,1610612750"
1626157,Karl-Anthony Towns,1610612750,MIN,24.0,35,10,25,0.286,1187.03,316,622,0.508,114,277,0.412,180,226,0.796,95,283,378,153,110,33,42,36,117,191,926,-15,1724.1,24,0,334,370,317,457,210,84,103,98,71,91,54,51,52,203,57,67,62,103,71,209,66,427,370,56,74,282,81,21,28,5,"1626157,1610612750"
1629016,Omari Spellman,1610612750,MIN,22.0,49,11,38,0.224,885.985,127,295,0.431,43,110,0.391,73,92,0.793,77,142,219,47,54,33,24,17,63,67,370,-144,820.3,1,0,256,359,466,494,270,259,246,292,215,241,87,175,183,207,74,211,179,303,209,209,139,301,221,233,248,469,243,185,28,5,"1629016,1610612750"
1627823,Juancho Hernangomez,1610612750,MIN,24.0,48,24,24,0.5,833.5116666666667,100,247,0.405,44,129,0.341,44,71,0.62,43,154,197,40,32,19,9,15,64,75,288,-55,636.4,4,0,262,206,302,214,281,289,278,379,213,212,244,250,229,421,176,196,201,328,301,302,288,275,223,223,280,382,284,101,28,5,"1627823,1610612750"
203459,Allen Crabbe,1610612750,MIN,28.0,37,5,32,0.135,653.01,63,177,0.356,36,119,0.303,10,14,0.714,11,66,77,33,17,15,4,7,47,13,172,-221,353.9,0,0,323,433,399,509,313,348,326,451,239,232,327,392,396,335,368,333,350,345,373,322,374,171,188,407,350,500,354,236,28,5,"203459,1610612750"
203925,Joe Harris,1610612751,BKN,28.0,68,33,35,0.485,2088.59,372,770,0.483,171,402,0.425,64,89,0.719,63,232,295,140,101,41,17,55,154,83,979,106,1616.0,0,0,38,116,432,245,30,58,61,136,20,32,39,202,191,333,109,107,102,114,81,162,193,492,455,198,68,89,95,236,28,5,"203925,1610612751"
203915,Spencer Dinwiddie,1610612751,BKN,27.0,64,30,34,0.469,1994.15,424,1021,0.415,123,400,0.308,347,446,0.778,32,189,221,432,174,40,21,53,180,292,1318,52,2240.2,9,0,90,146,420,270,53,39,25,348,60,33,319,12,11,230,218,153,178,14,24,167,164,483,498,22,24,123,37,54,28,5,"203915,1610612751"
1627752,Taurean Prince,1610612751,BKN,26.0,64,30,34,0.469,1857.435,278,739,0.376,146,431,0.339,71,89,0.798,50,331,381,116,127,57,25,27,159,95,773,71,1523.2,8,0,90,146,420,270,79,112,73,432,34,23,250,184,191,202,153,41,57,141,54,85,134,381,465,169,104,106,109,69,28,5,"1627752,1610612751"
1628386,Jarrett Allen,1610612751,BKN,22.0,69,33,36,0.478,1814.4966666666667,297,457,0.65,0,6,0.0,167,261,0.64,210,450,660,106,76,40,89,43,161,266,761,29,2023.0,29,0,26,116,440,257,85,93,165,21,454,431,454,59,41,406,5,14,10,166,136,167,14,458,472,28,108,154,46,15,28,5,"1628386,1610612751"
202066,Garrett Temple,1610612751,BKN,34.0,61,30,31,0.492,1692.8716666666667,218,577,0.378,124,379,0.327,66,83,0.795,28,180,208,152,62,49,29,26,106,87,626,-54,1275.6,1,0,130,146,392,238,110,159,120,431,59,43,286,196,204,205,239,169,192,104,176,122,114,376,332,188,150,378,157,185,28,5,"202066,1610612751"
1627747,Caris LeVert,1610612751,BKN,25.0,44,21,23,0.477,1297.0316666666668,295,703,0.42,79,215,0.367,136,193,0.705,48,135,183,190,112,51,9,41,80,158,805,-8,1377.6,2,1,285,233,289,261,178,94,82,331,128,137,163,82,72,350,161,222,207,82,70,110,288,451,257,83,95,257,137,140,16,5,"1627747,1610612751"
201599,DeAndre Jordan,1610612751,BKN,31.0,56,27,29,0.482,1234.1666666666667,191,287,0.666,0,0,0.0,83,122,0.68,141,420,561,105,74,18,52,19,114,129,465,-39,1431.7,13,0,200,176,369,253,199,187,252,18,454,500,454,147,130,367,23,18,17,168,147,305,45,317,358,111,205,351,125,38,28,5,"201599,1610612751"
1627789,Timothe Luwawu-Cabarrot,1610612751,BKN,25.0,46,20,26,0.435,820.7,110,256,0.43,57,151,0.377,69,81,0.852,27,92,119,28,35,18,7,24,101,55,346,-58,570.8,0,0,273,247,334,314,285,279,269,296,176,185,129,188,211,97,244,292,287,355,292,305,320,361,313,261,257,388,297,236,28,5,"1627789,1610612751"
203944,Julius Randle,1610612752,NYK,25.0,64,21,43,0.328,2080.4,463,1006,0.46,64,231,0.277,258,352,0.733,151,471,622,198,193,51,22,65,178,278,1248,-244,2317.4,30,0,90,233,508,414,34,28,26,197,155,118,365,23,19,317,19,12,11,78,15,110,151,511,495,25,28,508,33,14,28,5,"203944,1610612752"
1629628,RJ Barrett,1610612752,NYK,20.0,56,17,39,0.304,1704.4216666666666,292,727,0.402,63,197,0.32,156,254,0.614,50,229,279,143,124,55,17,60,122,195,803,-326,1444.3,2,0,200,292,476,438,106,97,77,391,158,151,297,73,43,425,153,111,119,112,60,89,193,502,379,53,96,521,122,140,28,5,"1629628,1610612752"
203090,Maurice Harkless,1610612752,NYK,27.0,62,39,23,0.629,1426.775,142,283,0.502,34,98,0.347,39,66,0.591,55,185,240,68,53,58,33,13,148,52,357,21,967.0,0,0,115,70,289,127,160,241,257,104,245,254,228,268,239,434,133,161,155,245,215,81,97,246,446,274,251,169,216,236,28,5,"203090,1610612752"
1629011,Mitchell Robinson,1610612752,NYK,22.0,61,20,41,0.328,1412.325,253,341,0.742,0,0,0.0,84,148,0.568,186,242,428,36,37,52,119,20,194,132,590,-107,1633.6,8,0,130,247,492,416,163,128,219,3,454,500,454,146,105,444,10,101,37,336,279,105,6,326,510,107,159,437,91,69,28,5,"1629011,1610612752"
1626171,Bobby Portis,1610612752,NYK,25.0,66,21,45,0.318,1393.5066666666667,265,589,0.45,67,187,0.358,71,93,0.763,80,258,338,98,73,32,18,28,110,89,668,-191,1297.6,5,0,57,233,520,427,165,120,116,224,151,156,185,184,181,258,70,83,83,179,150,220,187,390,346,182,139,487,154,90,28,5,"1626171,1610612752"
203901,Elfrid Payton,1610612752,NYK,26.0,45,17,28,0.378,1245.8833333333334,193,440,0.439,14,69,0.203,49,86,0.57,52,160,212,323,96,70,17,45,89,77,449,-85,1352.9,6,1,278,292,357,371,194,184,170,264,319,298,418,236,197,442,146,188,189,31,91,46,193,467,279,218,213,420,142,85,16,5,"203901,1610612752"
1628373,Frank Ntilikina,1610612752,NYK,21.0,57,19,38,0.333,1186.6733333333334,131,333,0.393,44,137,0.321,51,59,0.864,23,98,121,172,71,54,16,14,142,70,357,-97,899.2,1,0,174,259,466,400,211,253,224,409,213,201,295,229,252,70,279,280,284,96,155,95,207,259,436,230,251,428,234,185,28,5,"1628373,1610612752"
1628995,Kevin Knox II,1610612752,NYK,20.0,65,21,44,0.323,1166.1333333333334,144,401,0.359,65,199,0.327,66,101,0.653,28,156,184,61,45,23,28,21,106,81,419,-179,839.3,0,0,72,233,514,422,216,240,187,448,153,148,287,196,163,392,239,193,206,255,247,273,119,338,332,203,226,485,240,236,28,5,"1628995,1610612752"
203095,Evan Fournier,1610612753,ORL,27.0,66,28,38,0.424,2075.64,434,929,0.467,173,434,0.399,180,220,0.818,18,153,171,209,125,71,15,30,161,176,1221,-82,1872.7,0,0,57,166,466,325,37,35,37,172,18,21,73,51,56,162,321,198,224,72,57,43,223,402,472,65,29,417,62,236,28,5,"203095,1610612753"
203932,Aaron Gordon,1610612753,ORL,24.0,62,30,32,0.484,2017.1433333333334,335,767,0.437,73,237,0.308,151,224,0.674,107,368,475,228,100,51,39,42,125,205,894,-68,1976.0,20,1,115,146,399,248,47,72,64,274,142,116,316,76,54,374,43,24,26,64,82,110,74,455,389,49,79,397,48,28,16,5,"203932,1610612753"
202696,Nikola Vucevic,1610612753,ORL,29.0,61,27,34,0.443,1972.2616666666668,483,1022,0.473,95,285,0.333,131,167,0.784,140,527,667,219,88,53,47,50,135,157,1192,34,2532.9,41,0,130,176,420,308,57,24,24,154,97,87,257,85,89,222,24,9,9,66,110,99,51,478,418,84,32,144,21,8,28,5,"202696,1610612753"
1628365,Markelle Fultz,1610612753,ORL,22.0,71,32,39,0.451,1971.445,354,760,0.466,36,134,0.269,115,157,0.732,40,197,237,364,147,89,11,48,141,141,859,-78,1842.4,4,1,5,128,476,291,58,64,67,179,239,206,370,103,95,318,186,147,158,21,39,20,260,473,433,96,85,410,64,101,16,5,"1628365,1610612753"
203082,Terrence Ross,1610612753,ORL,29.0,69,31,38,0.449,1889.0833333333333,341,846,0.403,177,504,0.351,157,184,0.853,13,209,222,82,70,77,24,41,109,114,1016,-72,1638.4,0,0,26,137,466,292,71,71,48,384,17,10,214,72,81,94,358,134,177,211,159,36,139,451,343,132,61,405,90,236,28,5,"203082,1610612753"
201571,D.J. Augustin,1610612753,ORL,32.0,56,27,29,0.482,1398.315,177,451,0.392,69,198,0.348,154,174,0.885,21,97,118,256,84,34,1,31,67,133,577,81,1123.6,0,0,200,176,369,253,164,201,167,413,148,150,223,74,88,52,303,283,290,54,119,201,438,404,226,105,164,100,193,236,28,5,"201571,1610612753"
203516,James Ennis III,1610612753,ORL,29.0,68,41,27,0.603,1235.0883333333334,154,348,0.443,53,165,0.321,77,96,0.802,70,171,241,63,56,33,22,21,132,88,438,-17,930.7,1,0,38,54,346,164,198,225,210,253,188,171,294,162,173,190,87,180,153,253,200,209,151,338,408,185,217,290,225,185,28,5,"203516,1610612753"
1628371,Jonathan Isaac,1610612753,ORL,22.0,34,15,19,0.441,979.895,156,332,0.47,32,94,0.34,60,77,0.779,58,173,231,48,49,53,78,10,83,81,404,18,1097.2,5,0,340,314,229,310,246,224,225,161,254,262,247,216,216,227,125,177,163,297,231,99,21,216,268,203,230,175,197,90,28,5,"1628371,1610612753"
203933,T.J. Warren,1610612754,IND,26.0,67,42,25,0.627,2202.3516666666665,534,997,0.536,91,226,0.403,167,204,0.819,68,212,280,99,84,78,34,33,187,176,1326,127,2062.5,2,0,50,43,317,130,17,18,28,74,106,124,62,59,64,161,92,129,118,175,119,33,92,418,506,65,23,73,44,140,28,5,"203933,1610612754"
1627734,Domantas Sabonis,1610612754,IND,24.0,62,37,25,0.597,2158.65,458,848,0.54,17,67,0.254,214,296,0.723,189,582,771,310,170,47,30,56,195,303,1147,163,2598.2,50,4,115,88,317,170,21,29,47,73,307,300,380,37,31,326,9,5,5,34,26,132,109,493,512,19,43,57,19,3,6,5,"1627734,1610612754"
1626167,Myles Turner,1610612754,IND,24.0,61,36,25,0.59,1798.2683333333334,263,573,0.459,86,250,0.344,119,159,0.748,79,316,395,70,83,45,131,20,161,149,731,6,1755.0,8,0,130,95,317,176,89,123,121,199,112,105,236,100,94,295,72,47,51,238,124,141,5,326,472,88,112,203,74,69,28,5,"1626167,1610612754"
203200,Justin Holiday,1610612754,IND,31.0,71,43,28,0.606,1773.2183333333332,199,471,0.423,127,318,0.399,49,63,0.778,31,194,225,92,42,84,45,24,132,74,574,30,1327.0,0,0,5,35,357,160,94,177,161,329,57,66,70,236,247,231,223,148,173,192,261,25,58,361,408,226,168,149,150,236,28,5,"203200,1610612754"
1627763,Malcolm Brogdon,1610612754,IND,27.0,53,33,20,0.623,1641.7516666666668,320,730,0.438,71,223,0.318,166,186,0.892,44,212,256,375,128,35,10,53,95,144,877,84,1753.7,9,0,233,116,247,139,121,79,76,266,145,126,301,61,77,46,172,129,142,19,52,196,270,483,293,91,83,98,75,54,28,5,"1627763,1610612754"
1628988,Aaron Holiday,1610612754,IND,23.0,64,40,24,0.625,1574.6366666666668,227,545,0.417,86,215,0.4,74,87,0.851,22,131,153,221,84,51,16,26,115,114,614,126,1246.1,3,0,90,62,302,131,136,153,136,342,112,137,66,170,194,99,291,230,243,65,119,110,207,376,362,132,153,74,163,115,28,5,"1628988,1610612754"
203926,Doug McDermott,1610612754,IND,28.0,67,41,26,0.612,1326.175,253,524,0.483,120,280,0.429,45,54,0.833,25,143,168,74,41,10,4,35,114,55,671,74,984.6,0,0,50,54,334,155,174,128,145,137,66,90,34,248,267,127,264,208,228,232,266,366,374,424,358,261,136,104,212,236,28,5,"203926,1610612754"
203087,Jeremy Lamb,1610612754,IND,28.0,46,27,19,0.587,1291.1533333333334,216,479,0.451,53,158,0.335,92,110,0.836,24,176,200,96,50,55,22,16,104,100,577,1,1142.0,2,0,273,176,229,178,182,162,158,221,188,179,255,134,148,124,271,172,198,185,226,89,151,290,327,160,164,225,189,140,28,5,"203087,1610612754"
202699,Tobias Harris,1610612755,PHI,27.0,70,42,28,0.6,2420.445,539,1150,0.469,128,350,0.366,165,204,0.809,68,414,482,218,104,52,38,60,164,161,1371,148,2442.4,11,0,12,43,357,165,5,16,14,167,56,51,166,63,64,183,92,19,25,67,76,105,77,502,480,77,19,66,24,46,28,5,"202699,1610612755"
1627732,Ben Simmons,1610612755,PHI,23.0,57,35,22,0.614,2016.8633333333332,375,647,0.58,2,7,0.286,185,298,0.621,113,331,444,455,200,119,33,32,186,285,937,62,2408.3,31,6,174,104,274,151,48,55,96,51,411,421,346,48,29,420,36,41,35,11,13,2,97,408,504,23,72,115,26,13,5,5,"1627732,1610612755"
201143,Al Horford,1610612755,PHI,34.0,65,38,27,0.585,1985.36,312,696,0.448,95,275,0.345,60,78,0.769,102,347,449,261,76,52,60,22,137,90,779,123,1969.3,6,0,72,76,346,181,55,87,85,231,97,93,231,216,214,249,48,32,32,49,136,105,32,348,424,178,101,76,50,85,28,5,"201143,1610612755"
203922,Glenn Robinson III,1610612755,PHI,26.0,62,17,45,0.274,1786.4316666666666,288,592,0.486,77,197,0.391,74,86,0.86,81,189,270,96,55,54,16,41,100,66,727,-297,1350.0,1,0,115,292,520,470,90,101,113,133,133,151,88,170,197,79,69,153,130,185,203,95,207,451,311,236,115,520,143,185,28,5,"203922,1610612755"
202692,Alec Burks,1610612755,PHI,28.0,65,20,45,0.308,1732.1016666666667,315,757,0.416,112,295,0.38,235,265,0.887,46,231,277,184,91,60,17,42,128,207,977,-261,1725.4,1,0,72,247,520,433,102,86,68,344,73,82,124,33,40,50,165,108,121,85,104,72,193,455,399,47,69,515,80,185,28,5,"202692,1610612755"
1626196,Josh Richardson,1610612755,PHI,26.0,53,32,21,0.604,1645.705,273,634,0.431,83,244,0.34,111,138,0.804,40,128,168,161,100,50,35,34,131,162,740,111,1338.1,0,0,233,128,260,162,120,114,100,291,122,108,248,111,114,187,186,235,228,98,82,119,89,422,403,76,109,88,147,236,28,5,"1626196,1610612755"
1627788,Furkan Korkmaz,1610612755,PHI,22.0,70,41,29,0.586,1512.8966666666668,233,546,0.427,136,342,0.398,69,94,0.734,17,141,158,74,55,39,16,8,96,86,671,68,1081.6,0,0,12,54,369,179,144,147,134,311,47,54,75,188,176,314,333,213,236,232,203,176,207,189,295,193,136,109,198,236,28,5,"1627788,1610612755"
203954,Joel Embiid,1610612755,PHI,26.0,49,31,18,0.633,1469.38,375,785,0.478,57,172,0.331,346,428,0.808,138,440,578,151,149,43,63,38,167,341,1153,148,2242.1,37,0,256,137,215,122,152,55,58,148,176,163,275,13,12,184,27,15,12,106,37,152,29,435,484,12,40,66,35,12,28,5,"203954,1610612755"
1626164,Devin Booker,1610612756,PHX,23.0,69,33,36,0.478,2480.116666666667,616,1263,0.488,141,393,0.359,463,504,0.919,29,261,290,451,264,49,18,67,210,442,1836,100,2797.5,11,0,26,116,440,257,2,4,8,131,43,36,182,3,8,36,235,78,109,12,3,122,187,514,517,5,4,91,10,46,28,5,"1626164,1610612756"
1628969,Mikal Bridges,1610612756,PHX,23.0,72,33,39,0.458,2014.3616666666667,241,474,0.508,68,190,0.358,103,122,0.844,66,222,288,126,72,102,45,32,161,136,653,91,1556.6,1,0,2,116,476,276,49,140,160,96,149,154,186,120,130,111,100,115,112,125,151,7,58,408,472,99,142,95,105,185,28,5,"1628969,1610612756"
201937,Ricky Rubio,1610612756,PHX,29.0,64,31,33,0.484,1995.505,285,686,0.415,76,211,0.36,194,225,0.862,46,256,302,558,172,93,11,43,166,222,840,143,2179.4,22,2,90,137,412,247,52,106,88,346,136,142,180,42,53,75,165,85,97,3,25,15,260,458,482,39,90,68,39,24,12,5,"201937,1610612756"
1626162,Kelly Oubre Jr.,1610612756,PHX,24.0,56,22,34,0.393,1933.3716666666667,373,826,0.452,108,307,0.352,192,246,0.78,67,294,361,85,83,71,40,75,192,200,1046,-27,1856.7,9,0,200,215,420,356,62,57,50,219,80,74,212,43,44,225,98,57,75,203,124,43,70,519,508,52,54,322,63,54,28,5,"1626162,1610612756"
203967,Dario Saric,1610612756,PHX,26.0,65,31,34,0.477,1606.265,250,528,0.473,82,232,0.353,106,124,0.855,100,300,400,121,86,37,16,42,153,136,688,-72,1422.5,9,0,72,137,420,262,129,134,143,152,124,117,200,115,128,91,49,53,49,131,116,185,207,455,453,99,127,405,128,54,28,5,"203967,1610612756"
1629661,Cameron Johnson,1610612756,PHX,24.0,56,27,29,0.482,1225.305,169,394,0.429,105,268,0.392,46,57,0.807,47,135,182,66,32,34,19,15,87,56,489,-1,933.4,2,0,200,176,369,253,201,210,191,298,87,95,84,245,259,185,162,222,209,247,301,201,179,275,276,256,197,236,223,140,28,5,"1629661,1610612756"
1629028,Deandre Ayton,1610612756,PHX,21.0,37,19,18,0.514,1210.1516666666666,305,558,0.547,3,12,0.25,66,87,0.759,144,283,427,69,80,24,57,37,117,90,679,79,1457.9,23,0,323,259,215,212,204,90,128,69,391,402,382,196,194,268,21,67,38,241,130,265,36,431,370,178,131,102,118,22,28,5,"1629028,1610612756"
203382,Aron Baynes,1610612756,PHX,33.0,42,19,23,0.452,934.4366666666666,183,381,0.48,59,168,0.351,56,75,0.747,71,166,237,67,50,10,23,16,141,98,481,-46,914.9,3,0,301,259,289,289,253,194,201,142,170,167,214,221,220,298,85,183,158,246,226,366,143,290,433,162,201,365,229,115,28,5,"203382,1610612756"
203468,CJ McCollum,1610612757,POR,28.0,69,33,36,0.478,2512.6916666666666,602,1335,0.451,194,506,0.383,133,177,0.751,45,248,293,303,125,51,41,58,180,135,1531,7,2488.1,4,0,26,116,440,257,1,7,3,222,9,9,109,84,87,273,170,92,105,36,57,110,68,497,498,102,13,195,23,101,28,5,"203468,1610612757"
203081,Damian Lillard,1610612757,POR,29.0,65,32,33,0.492,2429.7883333333334,611,1327,0.46,262,660,0.397,452,509,0.888,33,248,281,518,193,68,22,85,113,403,1936,86,3127.2,18,1,72,128,412,236,3,5,4,195,3,3,76,4,7,48,213,92,116,5,15,52,151,522,354,7,2,97,7,31,16,5,"203081,1610612757"
202355,Hassan Whiteside,1610612757,POR,31.0,66,33,33,0.5,1992.8333333333333,431,696,0.619,4,7,0.571,158,233,0.678,253,643,896,77,119,25,194,39,194,210,1024,123,2752.7,51,0,57,116,412,214,54,36,85,33,381,421,8,70,50,369,1,3,2,224,66,253,1,443,510,46,58,76,12,2,28,5,"202355,1610612757"
2546,Carmelo Anthony,1610612757,POR,36.0,57,27,30,0.474,1865.3633333333332,332,770,0.431,86,222,0.387,136,161,0.845,68,293,361,84,98,48,27,45,166,160,886,6,1572.2,5,0,174,176,386,263,77,75,61,289,112,129,100,82,92,109,92,58,75,207,87,128,126,467,482,79,80,203,104,90,28,5,"2546,1610612757"
2772,Trevor Ariza,1610612757,POR,35.0,53,22,31,0.415,1492.275,142,324,0.438,77,207,0.372,62,74,0.838,34,212,246,91,56,69,15,11,111,81,423,-10,1050.7,0,0,233,215,392,331,147,241,230,268,133,144,150,209,223,120,209,129,149,195,200,50,223,225,351,203,222,266,203,236,28,5,"2772,1610612757"
1629014,Anfernee Simons,1610612757,POR,21.0,69,31,38,0.449,1446.44,214,535,0.4,75,225,0.333,76,92,0.826,25,126,151,97,61,26,10,38,135,81,579,-249,952.7,1,0,26,137,466,292,157,163,139,394,138,125,257,166,183,148,264,238,247,184,180,247,270,435,418,203,162,510,219,185,28,5,"1629014,1610612757"
1629018,Gary Trent Jr.,1610612757,POR,21.0,60,28,32,0.467,1295.33,190,428,0.444,108,258,0.419,37,45,0.822,25,74,99,60,20,46,15,11,85,52,525,-47,896.8,0,0,141,166,399,272,179,190,174,247,80,100,43,273,297,154,264,319,320,257,354,133,223,225,271,274,182,366,235,236,28,5,"1629018,1610612757"
1626209,Mario Hezonja,1610612757,POR,25.0,52,23,29,0.442,859.955,91,213,0.427,24,76,0.316,48,59,0.814,30,153,183,50,41,36,9,18,107,55,254,-171,642.6,1,0,242,209,369,309,275,299,301,306,280,284,304,241,252,169,227,198,207,288,266,189,288,308,336,261,298,481,281,185,28,5,"1626209,1610612757"
203084,Harrison Barnes,1610612758,SAC,28.0,70,29,41,0.414,2419.7316666666666,355,769,0.462,99,261,0.379,209,261,0.801,72,272,344,157,86,42,10,40,93,220,1018,-134,1736.3,4,0,12,157,492,332,6,63,63,189,92,99,126,38,41,192,84,73,81,100,116,155,270,447,290,41,59,461,77,101,28,5,"203084,1610612758"
1627741,Buddy Hield,1610612758,SAC,27.0,70,29,41,0.414,2171.1433333333334,484,1140,0.425,260,670,0.388,115,136,0.846,57,264,321,208,163,64,17,44,161,97,1343,-109,2120.2,2,0,12,157,492,332,19,23,15,323,4,2,96,103,116,107,129,77,85,73,29,60,193,461,472,163,22,442,42,140,28,5,"1627741,1610612758"
202357,Nemanja Bjelica,1610612758,SAC,32.0,70,29,41,0.414,1946.0383333333334,305,636,0.48,131,311,0.421,62,76,0.816,110,335,445,188,95,58,38,26,211,89,803,-42,1812.0,9,0,12,157,492,332,59,90,99,144,52,72,42,209,217,165,40,37,33,83,95,81,77,376,518,182,96,356,68,54,28,5,"202357,1610612758"
202709,Cory Joseph,1610612758,SAC,28.0,70,29,41,0.414,1702.1966666666667,165,397,0.416,53,151,0.351,54,64,0.844,43,139,182,243,75,52,21,11,131,106,437,-60,1163.9,0,0,12,157,492,332,108,215,189,345,188,185,216,223,245,112,176,218,209,57,141,105,164,225,403,143,219,389,184,236,28,5,"202709,1610612758"
203992,Bogdan Bogdanovic,1610612758,SAC,27.0,59,27,32,0.458,1701.16,319,733,0.435,158,428,0.369,85,115,0.739,21,174,195,191,97,60,15,29,133,124,881,-80,1529.5,2,0,154,176,399,280,109,80,75,281,25,25,157,144,141,306,303,174,203,81,89,72,223,396,414,118,82,414,107,140,28,5,"203992,1610612758"
203145,Kent Bazemore,1610612758,SAC,30.0,68,32,36,0.471,1687.7166666666667,200,534,0.375,84,244,0.344,113,147,0.769,27,267,294,93,91,74,40,37,196,152,597,10,1340.3,0,0,38,128,440,265,113,176,140,434,120,108,234,109,107,251,244,74,104,189,104,40,70,431,513,86,156,187,146,236,28,5,"203145,1610612758"
1628368,De'Aaron Fox,1610612758,SAC,22.0,51,20,31,0.392,1634.3966666666668,391,815,0.48,54,185,0.292,241,342,0.705,35,161,196,348,158,74,25,48,145,283,1077,-121,1973.2,9,0,246,247,392,358,125,48,51,143,184,157,343,30,22,349,203,187,202,27,31,40,134,473,442,24,51,452,49,54,28,5,"1628368,1610612758"
1626158,Richaun Holmes,1610612758,SAC,26.0,44,16,28,0.364,1241.615,223,344,0.648,0,0,0.0,93,118,0.788,127,231,358,42,52,41,56,15,169,104,539,16,1270.6,13,0,285,303,357,382,196,158,212,23,454,500,454,133,139,218,30,108,78,322,220,162,39,275,489,153,179,177,160,38,28,5,"1626158,1610612758"
201942,DeMar DeRozan,1610612759,SAS,30.0,68,31,37,0.456,2316.2833333333333,557,1049,0.531,9,35,0.257,381,451,0.845,44,331,375,380,164,70,20,64,180,334,1504,-118,2630.0,7,0,38,137,454,283,12,11,23,81,342,341,377,10,10,108,172,41,65,18,27,46,169,508,498,15,16,448,18,79,28,5,"201942,1610612759"
200746,LaMarcus Aldridge,1610612759,SAS,34.0,53,23,30,0.434,1753.9383333333333,391,793,0.493,61,157,0.389,158,191,0.827,103,289,392,129,74,36,87,20,128,163,1001,-129,1959.9,14,0,233,209,386,315,98,48,55,123,163,182,92,70,74,146,47,61,52,121,147,189,16,326,399,74,64,459,52,36,28,5,"200746,1610612759"
1628401,Derrick White,1610612759,SAS,25.0,68,32,36,0.471,1676.735,253,552,0.458,79,216,0.366,180,211,0.853,35,188,223,241,89,44,59,27,152,215,765,42,1614.1,0,0,38,128,440,265,114,128,131,201,128,136,165,51,61,95,203,157,175,58,109,147,33,381,451,44,107,130,97,236,28,5,"1628401,1610612759"
1627749,Dejounte Murray,1610612759,SAS,23.0,65,29,36,0.446,1650.4966666666667,289,623,0.464,41,109,0.376,89,112,0.795,68,301,369,264,119,111,17,36,140,105,708,-193,1811.8,5,0,72,157,440,298,119,100,102,184,224,242,133,137,144,206,92,51,67,47,66,4,193,427,431,148,120,490,70,90,28,5,"1627749,1610612759"
1627854,Bryn Forbes,1610612759,SAS,26.0,63,27,36,0.429,1579.215,242,581,0.417,148,381,0.388,75,90,0.833,12,114,126,108,57,33,0,28,113,56,707,-216,1062.2,0,0,103,176,440,319,135,139,118,341,32,42,93,168,186,127,362,254,275,162,197,209,475,390,354,256,121,498,202,236,28,5,"1627854,1610612759"
201988,Patty Mills,1610612759,SAS,31.0,66,28,38,0.424,1484.7483333333332,258,598,0.431,154,403,0.382,97,112,0.866,22,86,108,118,54,53,6,18,105,118,767,135,1196.6,0,0,57,166,466,325,149,124,111,288,28,30,112,127,144,68,291,303,303,137,209,99,336,308,331,124,106,69,172,236,28,5,"201988,1610612759"
200752,Rudy Gay,1610612759,SAS,33.0,67,30,37,0.448,1460.5833333333333,266,596,0.446,74,220,0.336,120,136,0.882,61,301,362,114,88,35,33,22,103,107,726,12,1447.4,4,0,50,146,454,297,154,118,112,236,139,133,252,97,116,53,113,51,73,146,110,196,97,348,323,140,116,182,121,101,28,5,"200752,1610612759"
1626168,Trey Lyles,1610612759,SAS,24.0,63,27,36,0.429,1270.8233333333333,153,343,0.446,65,168,0.387,33,45,0.733,71,290,361,69,39,28,28,17,98,46,404,-56,1069.7,2,0,103,176,440,319,187,227,213,239,153,167,103,291,297,316,85,60,75,241,273,235,119,301,305,297,230,384,200,140,28,5,"1626168,1610612759"
1628983,Shai Gilgeous-Alexander,1610612760,OKC,21.0,68,42,26,0.618,2390.285,466,996,0.468,85,247,0.344,283,352,0.804,47,360,407,231,129,78,46,61,116,302,1300,162,2377.9,9,1,38,43,334,144,9,26,29,169,117,107,235,18,19,188,162,27,45,61,51,33,54,505,364,20,25,58,30,54,16,5,"1628983,1610612760"
101108,Chris Paul,1610612760,OKC,35.0,69,43,26,0.623,2184.036666666667,430,875,0.491,111,301,0.369,249,275,0.905,24,318,342,468,158,110,11,9,156,239,1220,336,2537.4,10,0,26,35,334,138,18,37,45,125,74,77,160,28,37,41,271,46,82,10,31,5,260,199,460,35,30,12,20,50,28,5,"101108,1610612760"
203471,Dennis Schroder,1610612760,OKC,26.0,64,40,24,0.625,1973.4133333333334,447,953,0.469,122,322,0.379,196,234,0.838,19,216,235,258,164,44,14,53,142,203,1212,241,1891.0,0,0,90,62,302,131,56,31,32,163,63,63,128,41,49,122,316,122,161,53,27,147,231,483,436,50,31,37,60,236,28,5,"203471,1610612760"
201568,Danilo Gallinari,1610612760,OKC,31.0,60,36,24,0.6,1803.8116666666667,356,804,0.443,178,432,0.412,253,285,0.888,34,285,319,119,75,42,5,30,73,228,1143,250,1770.3,3,0,141,95,302,165,88,62,53,252,15,22,52,26,34,49,209,65,86,133,141,155,354,402,236,37,46,30,72,115,28,5,"201568,1610612760"
203500,Steven Adams,1610612760,OKC,26.0,61,39,22,0.639,1654.1933333333334,279,469,0.595,1,3,0.333,117,199,0.588,203,368,571,146,93,50,67,32,122,207,676,154,1838.2,22,0,130,70,274,115,117,111,164,42,427,455,257,102,66,437,7,24,15,110,99,119,25,408,379,47,134,63,65,24,28,5,"203500,1610612760"
1628390,Terrance Ferguson,1610612760,OKC,22.0,54,32,22,0.593,1216.2983333333334,77,213,0.362,48,163,0.294,15,20,0.75,23,50,73,46,31,26,16,5,149,37,217,-138,468.6,0,0,223,128,274,175,203,326,301,445,201,172,339,371,376,274,279,368,355,305,307,247,207,150,447,320,319,463,322,236,28,5,"1628390,1610612760"
203457,Nerlens Noel,1610612760,OKC,26.0,59,37,22,0.627,1093.535,181,266,0.68,1,3,0.333,79,104,0.76,88,204,292,56,60,59,90,9,160,104,442,32,1263.4,3,0,154,88,274,129,226,196,263,13,427,455,257,154,156,265,64,141,107,267,184,76,13,199,469,153,215,146,161,115,28,5,"203457,1610612760"
1629647,Darius Bazley,1610612760,OKC,20.0,59,35,24,0.593,1071.9266666666667,114,291,0.392,42,128,0.328,42,58,0.724,26,203,229,36,43,22,38,28,53,45,312,-106,777.8,1,0,154,104,302,174,230,272,247,415,222,215,284,255,256,324,256,142,167,336,256,284,77,390,204,299,272,436,253,185,28,5,"1629647,1610612760"
1627783,Pascal Siakam,1610612761,TOR,26.0,59,45,14,0.763,2080.795,495,1090,0.454,129,359,0.359,237,296,0.801,60,370,430,203,147,61,52,58,168,226,1356,402,2368.5,12,0,154,28,171,28,33,22,19,211,53,48,181,31,31,193,117,22,36,75,39,66,45,497,488,38,20,10,31,41,28,5,"1627783,1610612761"
200768,Kyle Lowry,1610612761,TOR,34.0,57,40,17,0.702,2073.3883333333333,328,792,0.414,163,462,0.353,288,334,0.862,32,259,291,430,178,80,26,45,186,318,1107,279,2241.2,15,2,174,62,209,65,38,77,56,352,24,18,204,16,23,74,218,82,108,15,23,31,128,467,504,17,50,20,36,35,12,5,"200768,1610612761"
1628384,OG Anunoby,1610612761,TOR,22.0,69,50,19,0.725,2065.6766666666667,286,566,0.505,89,228,0.39,72,102,0.706,80,284,364,108,79,96,45,60,167,90,733,273,1675.8,5,0,26,10,229,54,40,104,124,100,108,123,91,181,160,348,70,66,71,162,131,14,58,502,484,178,111,21,86,90,28,5,"1628384,1610612761"
1627832,Fred VanVleet,1610612761,TOR,26.0,53,39,14,0.736,1902.62,316,762,0.415,145,371,0.391,165,195,0.846,18,183,201,351,121,100,17,48,131,184,942,215,1939.7,8,0,233,70,171,49,70,84,65,351,37,46,89,63,71,104,321,163,197,26,65,12,193,473,403,60,71,44,54,69,28,5,"1627832,1610612761"
201586,Serge Ibaka,1610612761,TOR,30.0,55,40,15,0.727,1484.6266666666668,343,670,0.512,70,182,0.385,89,124,0.718,114,338,452,77,109,28,46,22,153,102,845,95,1615.9,20,0,217,62,183,53,150,69,93,94,146,159,107,137,128,334,34,35,29,224,72,235,54,348,453,156,88,93,96,28,28,5,"201586,1610612761"
1626181,Norman Powell,1610612761,TOR,27.0,50,38,12,0.76,1429.5416666666667,285,579,0.492,103,262,0.393,125,148,0.845,24,157,181,88,72,59,20,33,104,112,798,149,1312.2,0,0,251,76,142,31,159,106,119,124,90,98,80,91,105,110,271,192,212,197,151,76,169,418,327,135,98,65,151,236,28,5,"1626181,1610612761"
1629056,Terence Davis,1610612761,TOR,23.0,70,51,19,0.729,1159.2016666666666,193,415,0.465,91,231,0.394,47,55,0.855,49,179,228,110,71,35,14,25,116,49,524,194,1038.6,1,0,12,6,229,52,219,184,182,181,106,118,79,243,265,92,159,170,169,157,155,196,231,369,364,284,183,51,205,185,28,5,"1629056,1610612761"
201188,Marc Gasol,1610612761,TOR,35.0,42,33,9,0.786,1125.3733333333332,114,268,0.425,55,143,0.385,35,48,0.729,31,236,267,141,55,31,36,7,121,82,318,270,995.9,3,0,301,116,109,23,222,272,262,317,181,191,107,280,285,320,223,106,133,113,203,223,83,171,375,201,270,23,210,115,28,5,"201188,1610612761"
1628378,Donovan Mitchell,1610612762,UTA,23.0,68,42,26,0.618,2352.633333333333,599,1337,0.448,170,469,0.362,276,320,0.863,53,247,300,291,184,70,14,48,171,263,1644,112,2508.5,1,0,38,43,334,144,10,8,2,232,21,15,175,19,26,73,144,95,99,38,19,46,231,473,491,30,9,87,22,185,28,5,"1628378,1610612762"
203497,Rudy Gobert,1610612762,UTA,28.0,68,42,26,0.618,2332.7066666666665,386,557,0.693,0,0,0.0,254,403,0.63,230,686,916,101,130,51,135,51,215,380,1026,293,2704.7,49,0,38,43,334,144,11,51,129,9,454,500,454,24,13,413,3,2,1,171,49,110,4,479,519,9,56,15,13,4,28,5,"203497,1610612762"
204060,Joe Ingles,1610612762,UTA,32.0,71,43,28,0.606,2124.2433333333333,245,549,0.446,140,350,0.4,74,94,0.787,27,250,277,370,142,64,11,20,154,120,704,225,1674.4,3,0,5,35,357,160,25,136,133,238,45,51,66,170,176,219,244,90,121,20,44,60,260,326,455,122,123,41,87,115,28,5,"204060,1610612762"
202711,Bojan Bogdanovic,1610612762,UTA,31.0,63,41,22,0.651,2082.81,418,935,0.447,189,457,0.414,250,277,0.903,39,220,259,131,159,34,7,72,110,195,1275,267,1746.3,0,0,103,54,274,104,32,42,34,234,10,19,47,27,36,42,189,120,139,119,30,201,320,518,346,53,27,25,76,236,28,5,"202711,1610612762"
1626220,Royce O'Neale,1610612762,UTA,27.0,70,43,27,0.614,2038.135,157,361,0.435,92,242,0.38,42,55,0.764,27,361,388,180,61,59,30,11,201,69,448,215,1389.6,2,0,12,35,346,150,44,223,206,282,102,110,120,255,265,257,244,26,54,88,180,76,109,225,515,232,214,44,134,140,28,5,"1626220,1610612762"
203903,Jordan Clarkson,1610612762,UTA,28.0,70,33,37,0.471,1690.695,390,855,0.456,149,404,0.369,138,165,0.836,50,135,185,135,95,46,16,51,107,129,1067,-17,1582.5,0,0,12,116,454,264,111,50,46,204,31,28,159,81,90,124,153,222,205,116,95,133,207,479,336,111,53,290,102,236,28,5,"203903,1610612762"
201144,Mike Conley,1610612762,UTA,32.0,47,26,21,0.553,1363.2733333333333,232,567,0.409,96,256,0.375,115,139,0.827,33,118,151,208,92,36,5,15,104,144,675,73,1199.2,0,0,268,191,260,202,167,148,123,369,96,101,134,103,111,145,213,245,247,73,102,189,354,275,327,91,135,105,170,236,28,5,"201144,1610612762"
1627777,Georges Niang,1610612762,UTA,27.0,65,40,25,0.615,901.1916666666667,136,312,0.436,87,217,0.401,20,24,0.833,14,108,122,42,29,18,5,9,74,26,379,-53,628.4,0,0,72,62,317,148,268,248,236,277,111,135,65,348,362,127,351,263,282,322,316,305,354,199,241,355,241,376,287,236,28,5,"1627777,1610612762"
1628415,Dillon Brooks,1610612763,MEM,24.0,72,33,39,0.458,2079.3883333333333,423,1050,0.403,143,404,0.354,161,198,0.813,68,173,241,148,123,63,26,38,278,173,1150,-69,1805.2,0,0,2,116,476,276,35,40,22,386,40,28,198,67,68,172,92,177,153,109,63,62,128,435,527,68,41,399,71,236,28,5,"1628415,1610612763"
1629630,Ja Morant,1610612763,MEM,20.0,66,32,34,0.485,2040.24,442,920,0.48,60,175,0.343,237,306,0.775,47,199,246,478,214,58,18,92,107,271,1181,-32,2207.2,14,1,57,128,420,246,43,32,39,141,168,161,242,31,28,243,162,146,149,8,9,81,187,525,336,26,33,338,38,36,16,5,"1629630,1610612763"
202685,Jonas Valanciunas,1610612763,MEM,28.0,69,31,38,0.449,1812.57,421,722,0.583,30,88,0.341,146,198,0.737,210,559,769,119,124,30,76,38,182,189,1018,-13,2313.3,38,0,26,137,466,292,87,41,79,48,264,268,245,77,68,309,5,6,6,133,60,232,22,435,501,57,59,275,34,11,28,5,"202685,1610612763"
1628991,Jaren Jackson Jr.,1610612763,MEM,20.0,57,28,29,0.491,1621.9933333333333,353,753,0.469,145,368,0.394,139,186,0.747,55,207,262,78,99,40,92,64,232,187,990,-104,1718.4,3,0,174,166,369,239,128,65,70,165,37,47,78,80,77,296,133,138,138,223,86,167,12,508,526,59,66,435,82,115,28,5,"1628991,1610612763"
203937,Kyle Anderson,1610612763,MEM,26.0,66,31,35,0.47,1301.0033333333333,154,325,0.474,22,81,0.272,50,74,0.676,58,224,282,156,63,52,36,17,106,71,380,-107,1153.4,0,0,57,137,432,269,176,225,229,151,291,275,368,232,223,371,125,113,115,101,173,105,83,301,332,229,239,437,187,236,28,5,"203937,1610612763"
1629634,Brandon Clarke,1610612763,MEM,23.0,57,28,29,0.491,1271.92,292,470,0.621,23,62,0.371,83,108,0.769,92,246,338,80,53,31,47,20,97,80,690,-19,1396.6,3,0,174,166,369,239,186,97,162,32,285,306,152,147,153,252,60,98,83,214,215,223,51,326,303,208,125,301,133,115,28,5,"1629634,1610612763"
1626145,Tyus Jones,1610612763,MEM,24.0,65,32,33,0.492,1231.9766666666667,197,429,0.459,47,124,0.379,43,58,0.741,9,94,103,285,55,59,6,25,44,48,484,-49,1175.1,0,0,72,128,412,236,200,181,173,198,202,220,127,252,256,303,390,288,309,40,203,76,336,369,185,288,199,369,180,236,28,5,"1626145,1610612763"
1629001,De'Anthony Melton,1610612763,MEM,22.0,59,26,33,0.441,1147.43,159,395,0.403,40,137,0.292,92,119,0.773,43,175,218,173,84,77,20,24,108,106,450,130,1178.1,0,0,154,191,412,311,221,220,190,387,228,201,342,134,136,246,176,173,180,94,119,36,169,361,342,143,210,72,179,236,28,5,"1629001,1610612763"
203078,Bradley Beal,1610612764,WAS,27.0,57,20,37,0.351,2053.096666666667,593,1303,0.455,170,481,0.353,385,457,0.842,52,190,242,347,194,71,23,52,126,350,1741,-201,2639.9,8,0,174,247,454,387,41,9,5,208,21,12,201,9,9,113,146,152,152,29,14,43,143,481,393,11,6,494,17,69,28,5,"203078,1610612764"
202397,Ish Smith,1610612764,WAS,31.0,66,22,44,0.333,1730.4033333333334,295,661,0.446,61,167,0.365,59,82,0.72,30,183,213,321,88,58,28,25,102,76,710,-141,1617.1,1,0,57,215,514,400,103,94,95,237,163,169,167,218,209,332,227,163,187,33,110,81,119,369,317,221,118,466,94,185,28,5,"202397,1610612764"
1628972,Troy Brown Jr.,1610612764,WAS,20.0,67,23,44,0.343,1718.065,265,591,0.448,58,170,0.341,102,131,0.779,73,296,369,172,75,82,6,44,127,107,690,-217,1579.8,6,0,50,209,514,393,105,120,114,230,174,166,243,121,122,229,83,56,67,96,141,29,336,461,397,140,125,499,103,85,28,5,"1628972,1610612764"
202722,Davis Bertans,1610612764,WAS,27.0,54,20,34,0.37,1583.0116666666668,265,610,0.434,200,472,0.424,104,122,0.852,35,210,245,92,59,37,33,19,139,129,834,-14,1417.0,1,0,223,247,420,377,132,120,105,283,8,14,40,119,130,96,203,132,151,192,190,185,97,317,427,111,92,277,130,185,28,5,"202722,1610612764"
1629060,Rui Hachimura,1610612764,WAS,22.0,47,15,32,0.319,1414.815,248,527,0.471,22,78,0.282,111,134,0.828,76,213,289,86,51,37,8,53,101,115,629,-239,1188.8,3,0,268,314,399,426,162,135,144,159,291,281,358,111,120,142,78,127,110,201,223,185,301,483,313,130,149,506,175,115,28,5,"1629060,1610612764"
203894,Shabazz Napier,1610612764,WAS,28.0,56,16,40,0.286,1344.4933333333333,188,456,0.412,76,240,0.317,126,153,0.824,26,132,158,262,128,69,11,15,101,142,578,-96,1272.6,2,1,200,303,482,457,170,191,166,362,136,113,302,88,98,150,256,228,236,48,52,50,260,275,313,94,163,427,158,140,16,5,"203894,1610612764"
1629067,Isaac Bonga,1610612764,WAS,20.0,64,21,43,0.328,1189.755,111,221,0.502,24,68,0.353,68,83,0.819,68,148,216,70,53,42,21,14,152,103,314,-18,814.2,0,0,90,233,508,414,209,277,295,103,280,299,202,192,204,160,92,204,185,238,215,155,164,259,451,155,271,294,244,236,28,5,"1629067,1610612764"
1628418,Thomas Bryant,1610612764,WAS,22.0,44,14,30,0.318,1088.0083333333334,228,394,0.579,33,84,0.393,81,109,0.743,92,222,314,80,50,21,46,14,100,95,570,-158,1217.8,11,0,285,335,386,427,227,152,191,53,247,272,81,151,150,301,60,115,90,214,226,292,54,259,311,169,169,474,167,46,28,5,"1628418,1610612764"
204038,Langston Galloway,1610612765,DET,28.0,66,20,46,0.303,1702.225,236,542,0.435,132,331,0.399,73,85,0.859,33,116,149,101,40,48,11,14,96,76,677,-143,1144.3,0,0,57,247,524,440,107,145,137,280,51,61,72,175,200,83,213,250,253,171,270,128,260,259,295,221,133,467,188,236,28,5,"204038,1610612765"
203503,Tony Snell,1610612765,DET,28.0,59,18,41,0.305,1641.0766666666666,170,382,0.445,102,254,0.402,32,32,1.0,9,102,111,127,31,32,15,9,101,46,474,-173,907.7,0,0,154,279,492,437,122,207,200,243,91,103,63,294,332,1,390,275,298,123,307,220,223,199,313,297,203,482,230,236,28,5,"203503,1610612765"
1628971,Bruce Brown,1610612765,DET,23.0,58,18,40,0.31,1634.0416666666667,198,447,0.443,33,96,0.344,88,119,0.739,61,213,274,230,100,63,29,43,162,105,517,-137,1366.8,4,0,164,279,482,430,126,179,169,250,247,258,238,139,136,305,113,127,126,62,82,62,114,458,477,148,184,462,139,101,28,5,"1628971,1610612765"
1626174,Christian Wood,1610612765,DET,24.0,62,20,42,0.323,1324.6433333333334,288,508,0.567,54,140,0.386,180,242,0.744,104,286,390,60,84,34,54,31,98,216,810,68,1548.0,12,0,115,247,502,423,175,101,151,59,184,197,105,51,47,300,46,63,53,257,119,201,42,404,305,42,94,109,106,41,28,5,"1626174,1610612765"
201565,Derrick Rose,1610612765,DET,31.0,50,17,33,0.34,1297.66,369,753,0.49,45,147,0.306,121,139,0.871,27,94,121,278,126,40,16,56,49,115,904,-84,1508.2,4,0,251,292,412,394,177,59,70,127,208,189,320,94,111,65,244,288,284,42,56,167,207,493,195,130,78,419,113,101,28,5,"201565,1610612765"
1629004,Svi Mykhailiuk,1610612765,DET,23.0,56,17,39,0.304,1265.0133333333333,166,405,0.41,115,285,0.404,57,70,0.814,17,87,104,106,61,41,4,24,87,55,504,-5,861.8,0,0,200,292,476,438,189,214,186,367,70,87,59,219,232,168,333,299,308,166,180,162,374,361,276,261,186,249,239,236,28,5,"1629004,1610612765"
1628379,Luke Kennard,1610612765,DET,24.0,28,11,17,0.393,921.9233333333333,151,342,0.442,73,183,0.399,67,75,0.893,9,89,98,115,43,12,6,13,65,54,442,-22,743.1,0,0,366,359,209,356,258,229,216,256,142,158,71,194,220,45,390,298,323,144,256,346,336,246,224,268,215,312,259,236,28,5,"1628379,1610612765"
203895,Jordan McRae,1610612765,DET,29.0,37,12,25,0.324,784.5383333333333,149,366,0.407,45,126,0.357,83,109,0.761,18,106,124,93,43,21,16,23,73,87,426,-73,782.3,0,0,323,351,317,420,291,233,205,376,208,217,187,147,150,264,321,267,277,189,256,292,207,354,236,188,221,407,251,236,28,5,"203895,1610612765"
1628984,Devonte' Graham,1610612766,CHA,25.0,63,23,40,0.365,2211.2316666666666,368,963,0.382,218,585,0.373,191,233,0.82,42,170,212,471,181,62,15,31,115,253,1145,-184,2155.9,17,0,103,209,482,381,16,60,31,427,5,5,147,44,50,159,183,181,189,9,21,64,223,404,362,31,44,486,41,33,28,5,"1628984,1610612766"
1626179,Terry Rozier,1610612766,CHA,26.0,63,21,42,0.333,2164.46,398,941,0.423,172,423,0.407,166,190,0.874,50,226,276,259,141,61,10,46,126,161,1134,-397,1925.7,2,0,103,233,502,400,20,45,33,327,19,26,57,61,76,61,153,112,123,51,45,66,270,472,393,77,48,525,56,140,28,5,"1626179,1610612766"
1628970,Miles Bridges,1610612766,CHA,22.0,65,23,42,0.354,1995.5766666666666,319,753,0.424,99,300,0.33,106,131,0.809,88,274,362,114,95,40,48,44,132,105,843,-397,1617.4,4,0,72,209,502,386,51,80,70,324,92,78,280,115,122,180,64,72,73,146,95,167,49,461,408,148,89,525,93,101,28,5,"1628970,1610612766"
1629023,P.J. Washington,1610612766,CHA,21.0,58,22,36,0.379,1758.9916666666666,268,589,0.455,86,230,0.374,88,136,0.647,58,258,316,123,93,51,44,40,158,135,710,-221,1465.7,4,0,164,215,440,369,97,117,116,209,112,121,145,139,116,395,125,83,87,129,99,110,62,447,463,102,118,500,117,101,28,5,"1629023,1610612766"
203469,Cody Zeller,1610612766,CHA,27.0,58,18,40,0.31,1340.6083333333333,251,479,0.524,18,75,0.24,122,179,0.682,160,251,411,88,75,40,25,44,140,180,642,-221,1387.2,10,0,164,279,482,430,173,132,158,85,305,286,398,93,84,366,17,88,43,197,141,167,134,461,431,61,145,500,135,50,28,5,"203469,1610612766"
1628370,Malik Monk,1610612766,CHA,22.0,55,18,37,0.327,1169.1033333333332,212,488,0.434,58,204,0.284,82,100,0.82,27,130,157,114,77,25,16,29,74,80,564,-231,969.4,1,0,217,279,454,417,214,167,157,283,174,146,355,150,166,158,244,233,239,146,134,253,207,396,241,208,170,505,215,185,28,5,"1628370,1610612766"
202687,Bismack Biyombo,1610612766,CHA,27.0,53,18,35,0.34,1029.0416666666667,151,278,0.543,0,0,0.0,91,151,0.603,120,188,308,50,48,10,49,33,116,130,393,-153,966.6,8,0,233,279,432,395,233,229,259,72,454,500,454,136,103,430,32,157,95,288,235,366,48,418,364,110,234,472,217,69,28,5,"202687,1610612766"
1628998,Cody Martin,1610612766,CHA,24.0,48,16,32,0.333,902.695,89,207,0.43,18,77,0.234,42,65,0.646,38,120,158,95,44,39,9,10,78,78,238,-69,670.1,0,0,262,303,399,400,267,306,306,295,305,283,402,255,243,399,195,242,236,188,252,176,288,216,250,215,306,399,276,236,28,5,"1628998,1610612766"
